case,metric,value
areal/car_spatial,fitted_est_mean,2.95311340001
areal/car_spatial,fitted_est_sd,1.0317347129
areal/car_spatial,link_est_mean,2.95311340001
areal/car_spatial,link_est_sd,1.0317347129
areal/car_spatial,loglik,-1034.01050079
areal/car_spatial,n_fixed,4
areal/car_spatial,nll,1034.01050079
areal/car_spatial,response_mean,40.0531042474
areal/car_spatial,seconds_rtmb,0.25
areal/car_spatial,seconds_tmb,0.22
areal/car_st_iid,fitted_est_mean,2.91786302495
areal/car_st_iid,fitted_est_sd,1.07251901893
areal/car_st_iid,link_est_mean,2.91786302495
areal/car_st_iid,link_est_sd,1.07251901893
areal/car_st_iid,loglik,-825.199402581
areal/car_st_iid,n_fixed,7
areal/car_st_iid,nll,825.199402581
areal/car_st_iid,response_mean,40.0449455687
areal/car_st_iid,seconds_rtmb,0.37
areal/car_st_iid,seconds_tmb,0.34
areal/sar_spatial,fitted_est_mean,2.95278376772
areal/sar_spatial,fitted_est_sd,1.03196260814
areal/sar_spatial,link_est_mean,2.95278376772
areal/sar_spatial,link_est_sd,1.03196260814
areal/sar_spatial,loglik,-1033.70030671
areal/sar_spatial,n_fixed,4
areal/sar_spatial,nll,1033.70030671
areal/sar_spatial,response_mean,40.0501118289
areal/sar_spatial,seconds_rtmb,0.3
areal/sar_spatial,seconds_tmb,0.27
delta/Beta,fitted_est1_mean,0.248188143307
delta/Beta,fitted_est1_sd,0.349340852633
delta/Beta,fitted_est2_mean,-0.330838568927
delta/Beta,fitted_est2_sd,0.484521549006
delta/Beta,link_est1_mean,0.22530803309
delta/Beta,link_est1_sd,0.372901095288
delta/Beta,link_est2_mean,-0.362572350878
delta/Beta,link_est2_sd,0.517198646976
delta/Beta,loglik,-103.768284431
delta/Beta,n_fixed,5
delta/Beta,nll,103.768284431
delta/Beta,response_mean,0.241010317554
delta/Beta,seconds_rtmb,0.21
delta/Beta,seconds_tmb,0.13
delta/Gamma,fitted_est1_mean,0.276224735647
delta/Gamma,fitted_est1_sd,0.352234019193
delta/Gamma,fitted_est2_mean,0.800325976268
delta/Gamma,fitted_est2_sd,0.142127297859
delta/Gamma,link_est1_mean,0.253155137228
delta/Gamma,link_est1_sd,0.375989382761
delta/Gamma,link_est2_mean,0.791017336252
delta/Gamma,link_est2_sd,0.151712645808
delta/Gamma,loglik,-460.179228095
delta/Gamma,n_fixed,5
delta/Gamma,nll,460.179228095
delta/Gamma,response_mean,1.28085947909
delta/Gamma,seconds_rtmb,0.2
delta/Gamma,seconds_tmb,0.11
delta/Gamma_cloglog,fitted_est1_mean,-0.368576422307
delta/Gamma_cloglog,fitted_est1_sd,0.467284139822
delta/Gamma_cloglog,fitted_est2_mean,0.897542839207
delta/Gamma_cloglog,fitted_est2_sd,0.234994797017
delta/Gamma_cloglog,link_est1_mean,-0.39918123861
delta/Gamma_cloglog,link_est1_sd,0.498798712595
delta/Gamma_cloglog,link_est2_mean,0.882151834073
delta/Gamma_cloglog,link_est2_sd,0.250843314014
delta/Gamma_cloglog,loglik,-436.670898178
delta/Gamma_cloglog,n_fixed,5
delta/Gamma_cloglog,nll,436.670898178
delta/Gamma_cloglog,response_mean,1.34628982566
delta/Gamma_cloglog,seconds_rtmb,0.2
delta/Gamma_cloglog,seconds_tmb,0.12
delta/Gamma_identity,fitted_est1_mean,0.34981423283
delta/Gamma_identity,fitted_est1_sd,0.407766475253
delta/Gamma_identity,fitted_est2_mean,2.44205990047
delta/Gamma_identity,fitted_est2_sd,0.442665216318
delta/Gamma_identity,link_est1_mean,0.323107531262
delta/Gamma_identity,link_est1_sd,0.435267058226
delta/Gamma_identity,link_est2_mean,2.41306750275
delta/Gamma_identity,link_est2_sd,0.472519439873
delta/Gamma_identity,loglik,-465.227002573
delta/Gamma_identity,n_fixed,5
delta/Gamma_identity,nll,465.227002573
delta/Gamma_identity,response_mean,1.43918448147
delta/Gamma_identity,seconds_rtmb,0.2
delta/Gamma_identity,seconds_tmb,0.13
delta/Gamma_inverse,fitted_est1_mean,0.167154784235
delta/Gamma_inverse,fitted_est1_sd,0.42780784117
delta/Gamma_inverse,fitted_est2_mean,0.412837312785
delta/Gamma_inverse,fitted_est2_sd,0.0489848747004
delta/Gamma_inverse,link_est1_mean,0.139135471624
delta/Gamma_inverse,link_est1_sd,0.456660053763
delta/Gamma_inverse,link_est2_mean,0.40962904406
delta/Gamma_inverse,link_est2_sd,0.0522885121813
delta/Gamma_inverse,loglik,-443.603816319
delta/Gamma_inverse,n_fixed,5
delta/Gamma_inverse,nll,443.603816319
delta/Gamma_inverse,response_mean,1.28806375009
delta/Gamma_inverse,seconds_rtmb,0.2
delta/Gamma_inverse,seconds_tmb,0.12
delta/gamma_mix,fitted_est1_mean,0.191788431446
delta/gamma_mix,fitted_est1_sd,0.320537056494
delta/gamma_mix,fitted_est2_mean,1.11470253572
delta/gamma_mix,fitted_est2_sd,0.192360561266
delta/gamma_mix,link_est1_mean,0.170794828419
delta/gamma_mix,link_est1_sd,0.342154713788
delta/gamma_mix,link_est2_mean,1.10210386365
delta/gamma_mix,link_est2_sd,0.205333740517
delta/gamma_mix,loglik,-474.795092976
delta/gamma_mix,n_fixed,7
delta/gamma_mix,nll,474.795092976
delta/gamma_mix,response_mean,1.71463246625
delta/gamma_mix,seconds_rtmb,0.2
delta/gamma_mix,seconds_tmb,0.12
delta/Gamma_offset,fitted_est1_mean,0.338895750811
delta/Gamma_offset,fitted_est1_sd,0.459069200443
delta/Gamma_offset,fitted_est2_mean,0.881465354686
delta/Gamma_offset,fitted_est2_sd,0.369799053828
delta/Gamma_offset,link_est1_mean,0.308828972694
delta/Gamma_offset,link_est1_sd,0.490029741349
delta/Gamma_offset,link_est2_mean,0.800825158677
delta/Gamma_offset,link_est2_sd,0.515197895416
delta/Gamma_offset,loglik,-473.829793732
delta/Gamma_offset,n_fixed,5
delta/Gamma_offset,nll,473.829793732
delta/Gamma_offset,response_mean,1.58587027718
delta/Gamma_offset,seconds_rtmb,0.2
delta/Gamma_offset,seconds_tmb,0.12
delta/gengamma,fitted_est1_mean,0.460426994625
delta/gengamma,fitted_est1_sd,0.349754846793
delta/gengamma,fitted_est2_mean,0.85678253965
delta/gengamma,fitted_est2_sd,0.227880639639
delta/gengamma,link_est1_mean,0.437519769823
delta/gengamma,link_est1_sd,0.373343010038
delta/gengamma,link_est2_mean,0.841857476887
delta/gengamma,link_est2_sd,0.243249363697
delta/gengamma,loglik,-438.649618248
delta/gengamma,n_fixed,6
delta/gengamma,nll,438.649618248
delta/gengamma,response_mean,1.49205963986
delta/gengamma,seconds_rtmb,0.13
delta/gengamma,seconds_tmb,0.12
delta/lognormal,fitted_est1_mean,0.350770201325
delta/lognormal,fitted_est1_sd,0.422453132339
delta/lognormal,fitted_est2_mean,0.825765155865
delta/lognormal,fitted_est2_sd,0.224104538863
delta/lognormal,link_est1_mean,0.323101595845
delta/lognormal,link_est1_sd,0.450944212708
delta/lognormal,link_est2_mean,0.811087409158
delta/lognormal,link_est2_sd,0.239218595167
delta/lognormal,loglik,-421.333932753
delta/lognormal,n_fixed,5
delta/lognormal,nll,421.333932753
delta/lognormal,response_mean,1.3905841934
delta/lognormal,seconds_rtmb,0.15
delta/lognormal,seconds_tmb,0.12
delta/lognormal_cloglog,fitted_est1_mean,-0.396008688924
delta/lognormal_cloglog,fitted_est1_sd,0.363052822962
delta/lognormal_cloglog,fitted_est2_mean,0.80135187465
delta/lognormal_cloglog,fitted_est2_sd,0.223032328066
delta/lognormal_cloglog,link_est1_mean,-0.419786865858
delta/lognormal_cloglog,link_est1_sd,0.387537828197
delta/lognormal_cloglog,link_est2_mean,0.786744352484
delta/lognormal_cloglog,link_est2_sd,0.238074072339
delta/lognormal_cloglog,loglik,-387.64819951
delta/lognormal_cloglog,n_fixed,5
delta/lognormal_cloglog,nll,387.64819951
delta/lognormal_cloglog,response_mean,1.1723410262
delta/lognormal_cloglog,seconds_rtmb,0.16
delta/lognormal_cloglog,seconds_tmb,0.12
delta/lognormal_mix,fitted_est1_mean,0.222699687349
delta/lognormal_mix,fitted_est1_sd,0.411448144903
delta/lognormal_mix,fitted_est2_mean,1.110352363
delta/lognormal_mix,fitted_est2_sd,0.232927259617
delta/lognormal_mix,link_est1_mean,0.1957518545
delta/lognormal_mix,link_est1_sd,0.439197027007
delta/lognormal_mix,link_est2_mean,1.09509677141
delta/lognormal_mix,link_est2_sd,0.248636337774
delta/lognormal_mix,loglik,-429.481077584
delta/lognormal_mix,n_fixed,7
delta/lognormal_mix,nll,429.481077584
delta/lognormal_mix,response_mean,1.76187786754
delta/lognormal_mix,seconds_rtmb,0.16
delta/lognormal_mix,seconds_tmb,0.13
delta/lognormal_offset,fitted_est1_mean,0.333871310604
delta/lognormal_offset,fitted_est1_sd,0.58615975107
delta/lognormal_offset,fitted_est2_mean,0.872522099724
delta/lognormal_offset,fitted_est2_sd,0.334608840043
delta/lognormal_offset,link_est1_mean,0.295480725568
delta/lognormal_offset,link_est1_sd,0.625691531753
delta/lognormal_offset,link_est2_mean,0.795662776247
delta/lognormal_offset,link_est2_sd,0.453577059896
delta/lognormal_offset,loglik,-420.070776167
delta/lognormal_offset,n_fixed,5
delta/lognormal_offset,nll,420.070776167
delta/lognormal_offset,response_mean,1.53695690327
delta/lognormal_offset,seconds_rtmb,0.16
delta/lognormal_offset,seconds_tmb,0.11
delta/poisson_link_Gamma,fitted_est1_mean,0.422813871087
delta/poisson_link_Gamma,fitted_est1_sd,0.403748364615
delta/poisson_link_Gamma,fitted_est2_mean,0.114492298552
delta/poisson_link_Gamma,fitted_est2_sd,0.198411034973
delta/poisson_link_Gamma,link_est1_mean,0.396370336033
delta/poisson_link_Gamma,link_est1_sd,0.430977958206
delta/poisson_link_Gamma,link_est2_mean,0.101497350168
delta/poisson_link_Gamma,link_est2_sd,0.211792270217
delta/poisson_link_Gamma,loglik,-506.817365926
delta/poisson_link_Gamma,n_fixed,5
delta/poisson_link_Gamma,nll,506.817365926
delta/poisson_link_Gamma,response_mean,1.99739922082
delta/poisson_link_Gamma,seconds_rtmb,0.2
delta/poisson_link_Gamma,seconds_tmb,0.11
delta/poisson_link_Gamma_offset,fitted_est1_mean,0.231186291379
delta/poisson_link_Gamma_offset,fitted_est1_sd,0.440643170477
delta/poisson_link_Gamma_offset,fitted_est2_mean,0.306044716326
delta/poisson_link_Gamma_offset,fitted_est2_sd,0.353052090084
delta/poisson_link_Gamma_offset,link_est1_mean,0.202326327734
delta/poisson_link_Gamma_offset,link_est1_sd,0.470361023234
delta/poisson_link_Gamma_offset,link_est2_mean,0.227124897447
delta/poisson_link_Gamma_offset,link_est2_sd,0.487159109325
delta/poisson_link_Gamma_offset,loglik,-511.944137051
delta/poisson_link_Gamma_offset,n_fixed,5
delta/poisson_link_Gamma_offset,nll,511.944137051
delta/poisson_link_Gamma_offset,response_mean,2.32178570039
delta/poisson_link_Gamma_offset,seconds_rtmb,0.2
delta/poisson_link_Gamma_offset,seconds_tmb,0.12
delta/poisson_link_gengamma,fitted_est1_mean,0.276465683832
delta/poisson_link_gengamma,fitted_est1_sd,0.32209860543
delta/poisson_link_gengamma,fitted_est2_mean,0.281497626094
delta/poisson_link_gengamma,fitted_est2_sd,0.210858684894
delta/poisson_link_gengamma,link_est1_mean,0.255369807019
delta/poisson_link_gengamma,link_est1_sd,0.343821576693
delta/poisson_link_gengamma,link_est2_mean,0.267687417771
delta/poisson_link_gengamma,link_est2_sd,0.225079414432
delta/poisson_link_gengamma,loglik,-468.697192316
delta/poisson_link_gengamma,n_fixed,6
delta/poisson_link_gengamma,nll,468.697192316
delta/poisson_link_gengamma,response_mean,1.96643842732
delta/poisson_link_gengamma,seconds_rtmb,0.13
delta/poisson_link_gengamma,seconds_tmb,0.12
delta/poisson_link_lognormal,fitted_est1_mean,0.321910497448
delta/poisson_link_lognormal,fitted_est1_sd,0.498166312702
delta/poisson_link_lognormal,fitted_est2_mean,0.17179350398
delta/poisson_link_lognormal,fitted_est2_sd,0.133996705627
delta/poisson_link_lognormal,link_est1_mean,0.289283050486
delta/poisson_link_lognormal,link_est1_sd,0.531763640702
delta/poisson_link_lognormal,link_est2_mean,0.163017377826
delta/poisson_link_lognormal,link_est2_sd,0.143033710248
delta/poisson_link_lognormal,loglik,-454.36222248
delta/poisson_link_lognormal,n_fixed,5
delta/poisson_link_lognormal,nll,454.36222248
delta/poisson_link_lognormal,response_mean,1.94508285496
delta/poisson_link_lognormal,seconds_rtmb,0.15
delta/poisson_link_lognormal,seconds_tmb,0.12
delta/poisson_link_lognormal_mix,fitted_est1_mean,0.355529502021
delta/poisson_link_lognormal_mix,fitted_est1_sd,0.342889939961
delta/poisson_link_lognormal_mix,fitted_est2_mean,0.54343205413
delta/poisson_link_lognormal_mix,fitted_est2_sd,0.246319303447
delta/poisson_link_lognormal_mix,link_est1_mean,0.333071894903
delta/poisson_link_lognormal_mix,link_est1_sd,0.366015120221
delta/poisson_link_lognormal_mix,link_est2_mean,0.52729934944
delta/poisson_link_lognormal_mix,link_est2_sd,0.262931567704
delta/poisson_link_lognormal_mix,loglik,-485.184676316
delta/poisson_link_lognormal_mix,n_fixed,7
delta/poisson_link_lognormal_mix,nll,485.184676316
delta/poisson_link_lognormal_mix,response_mean,2.84733410666
delta/poisson_link_lognormal_mix,seconds_rtmb,0.17
delta/poisson_link_lognormal_mix,seconds_tmb,0.12
delta/poisson_link_lognormal_offset,fitted_est1_mean,0.342473729872
delta/poisson_link_lognormal_offset,fitted_est1_sd,0.47707708779
delta/poisson_link_lognormal_offset,fitted_est2_mean,0.258617392235
delta/poisson_link_lognormal_offset,fitted_est2_sd,0.325576440635
delta/poisson_link_lognormal_offset,link_est1_mean,0.31122752357
delta/poisson_link_lognormal_offset,link_est1_sd,0.509252116473
delta/poisson_link_lognormal_offset,link_est2_mean,0.182858616293
delta/poisson_link_lognormal_offset,link_est2_sd,0.435640285234
delta/poisson_link_lognormal_offset,loglik,-447.340837264
delta/poisson_link_lognormal_offset,n_fixed,5
delta/poisson_link_lognormal_offset,nll,447.340837264
delta/poisson_link_lognormal_offset,response_mean,2.45201668247
delta/poisson_link_lognormal_offset,seconds_rtmb,0.16
delta/poisson_link_lognormal_offset,seconds_tmb,0.12
delta/truncated_nbinom1,fitted_est1_mean,0.170645535282
delta/truncated_nbinom1,fitted_est1_sd,0.531139719741
delta/truncated_nbinom1,fitted_est2_mean,0.827521646471
delta/truncated_nbinom1,fitted_est2_sd,0.408851465868
delta/truncated_nbinom1,link_est1_mean,0.135858492092
delta/truncated_nbinom1,link_est1_sd,0.566960839964
delta/truncated_nbinom1,link_est2_mean,0.800743883346
delta/truncated_nbinom1,link_est2_sd,0.436425222769
delta/truncated_nbinom1,loglik,-523.081262795
delta/truncated_nbinom1,n_fixed,5
delta/truncated_nbinom1,nll,523.081262795
delta/truncated_nbinom1,response_mean,1.80284444809
delta/truncated_nbinom1,seconds_rtmb,0.14
delta/truncated_nbinom1,seconds_tmb,0.12
delta/truncated_nbinom2,fitted_est1_mean,0.13523107262
delta/truncated_nbinom2,fitted_est1_sd,0.230912119004
delta/truncated_nbinom2,fitted_est2_mean,0.865271511423
delta/truncated_nbinom2,fitted_est2_sd,0.179688086317
delta/truncated_nbinom2,link_est1_mean,0.120107462846
delta/truncated_nbinom2,link_est1_sd,0.246485292066
delta/truncated_nbinom2,link_est2_mean,0.853502824226
delta/truncated_nbinom2,link_est2_sd,0.191806608625
delta/truncated_nbinom2,loglik,-506.390299731
delta/truncated_nbinom2,n_fixed,5
delta/truncated_nbinom2,nll,506.390299731
delta/truncated_nbinom2,response_mean,1.58401351833
delta/truncated_nbinom2,seconds_rtmb,0.13
delta/truncated_nbinom2,seconds_tmb,0.12
delta/truncated_nbinom2_offset,fitted_est1_mean,-0.11282484658
delta/truncated_nbinom2_offset,fitted_est1_sd,0.459993456263
delta/truncated_nbinom2_offset,fitted_est2_mean,0.922876606792
delta/truncated_nbinom2_offset,fitted_est2_sd,0.301664171922
delta/truncated_nbinom2_offset,link_est1_mean,-0.142952158915
delta/truncated_nbinom2_offset,link_est1_sd,0.491016330821
delta/truncated_nbinom2_offset,link_est2_mean,0.850558156014
delta/truncated_nbinom2_offset,link_est2_sd,0.379569706486
delta/truncated_nbinom2_offset,loglik,-479.704419
delta/truncated_nbinom2_offset,n_fixed,5
delta/truncated_nbinom2_offset,nll,479.704419
delta/truncated_nbinom2_offset,response_mean,1.53576384536
delta/truncated_nbinom2_offset,seconds_rtmb,0.13
delta/truncated_nbinom2_offset,seconds_tmb,0.12
family/Beta_logit,fitted_est_mean,-0.187957873388
family/Beta_logit,fitted_est_sd,0.745928732982
family/Beta_logit,link_est_mean,-0.236812542106
family/Beta_logit,link_est_sd,0.796235651913
family/Beta_logit,loglik,187.800656235
family/Beta_logit,n_fixed,3
family/Beta_logit,nll,-187.800656235
family/Beta_logit,response_mean,0.4486778933
family/Beta_logit,seconds_rtmb,0.19
family/Beta_logit,seconds_tmb,0.08
family/betabinomial_cloglog,fitted_est_mean,-0.528990288638
family/betabinomial_cloglog,fitted_est_sd,0.531008117836
family/betabinomial_cloglog,link_est_mean,-0.563768712549
family/betabinomial_cloglog,link_est_sd,0.566820362564
family/betabinomial_cloglog,loglik,-487.657848515
family/betabinomial_cloglog,n_fixed,3
family/betabinomial_cloglog,nll,487.657848515
family/betabinomial_cloglog,response_mean,0.45291637777
family/betabinomial_cloglog,seconds_rtmb,0.12
family/betabinomial_cloglog,seconds_tmb,0.09
family/betabinomial_logit,fitted_est_mean,-0.0991705108635
family/betabinomial_logit,fitted_est_sd,0.669371699363
family/betabinomial_logit,link_est_mean,-0.143011069855
family/betabinomial_logit,link_est_sd,0.714515459518
family/betabinomial_logit,loglik,-483.073226355
family/betabinomial_logit,n_fixed,3
family/betabinomial_logit,nll,483.073226355
family/betabinomial_logit,response_mean,0.468159798901
family/betabinomial_logit,seconds_rtmb,0.12
family/betabinomial_logit,seconds_tmb,0.09
family/binomial_cloglog,fitted_est_mean,-0.780278596023
family/binomial_cloglog,fitted_est_sd,0.73865564856
family/binomial_cloglog,link_est_mean,-0.828656913429
family/binomial_cloglog,link_est_sd,0.788472056196
family/binomial_cloglog,loglik,-175.096681934
family/binomial_cloglog,n_fixed,2
family/binomial_cloglog,nll,175.096681934
family/binomial_cloglog,response_mean,0.394342652862
family/binomial_cloglog,seconds_rtmb,0.09
family/binomial_cloglog,seconds_tmb,0.08
family/binomial_logit,fitted_est_mean,-0.170055460063
family/binomial_logit,fitted_est_sd,0.770973791835
family/binomial_logit,link_est_mean,-0.220550457138
family/binomial_logit,link_est_sd,0.822969799401
family/binomial_logit,loglik,-187.749212616
family/binomial_logit,n_fixed,2
family/binomial_logit,nll,187.749212616
family/binomial_logit,response_mean,0.452588929021
family/binomial_logit,seconds_rtmb,0.09
family/binomial_logit,seconds_tmb,0.08
family/binomial_trials_cbind,fitted_est_mean,-0.100353529999
family/binomial_trials_cbind,fitted_est_sd,0.70539442259
family/binomial_trials_cbind,link_est_mean,-0.146553400452
family/binomial_trials_cbind,link_est_sd,0.752967626922
family/binomial_trials_cbind,loglik,-417.751422428
family/binomial_trials_cbind,n_fixed,2
family/binomial_trials_cbind,nll,417.751422428
family/binomial_trials_cbind,response_mean,0.467747780717
family/binomial_trials_cbind,seconds_rtmb,0.1
family/binomial_trials_cbind,seconds_tmb,0.08
family/binomial_trials_weights,fitted_est_mean,-0.100353529999
family/binomial_trials_weights,fitted_est_sd,0.70539442259
family/binomial_trials_weights,link_est_mean,-0.146553400452
family/binomial_trials_weights,link_est_sd,0.752967626922
family/binomial_trials_weights,loglik,-417.751422428
family/binomial_trials_weights,n_fixed,2
family/binomial_trials_weights,nll,417.751422428
family/binomial_trials_weights,response_mean,0.467747780717
family/binomial_trials_weights,seconds_rtmb,0.1
family/binomial_trials_weights,seconds_tmb,0.08
family/censored_poisson_log,fitted_est_mean,1.5432231107
family/censored_poisson_log,fitted_est_sd,0.282153291857
family/censored_poisson_log,link_est_mean,1.52474345575
family/censored_poisson_log,link_est_sd,0.30118227164
family/censored_poisson_log,loglik,-582.854383208
family/censored_poisson_log,n_fixed,2
family/censored_poisson_log,nll,582.854383208
family/censored_poisson_log,response_mean,4.79995732649
family/censored_poisson_log,seconds_rtmb,0.11
family/censored_poisson_log,seconds_tmb,0.07
family/Gamma_identity,fitted_est_mean,1.92244725614
family/Gamma_identity,fitted_est_sd,0.323224295061
family/Gamma_identity,link_est_mean,1.90127765218
family/Gamma_identity,link_est_sd,0.345023185075
family/Gamma_identity,loglik,-387.934745527
family/Gamma_identity,n_fixed,3
family/Gamma_identity,nll,387.934745527
family/Gamma_identity,response_mean,1.90127765218
family/Gamma_identity,seconds_rtmb,0.19
family/Gamma_identity,seconds_tmb,0.08
family/Gamma_inverse,fitted_est_mean,0.528280833212
family/Gamma_inverse,fitted_est_sd,0.071405909764
family/Gamma_inverse,link_est_mean,0.5236040968
family/Gamma_inverse,link_est_sd,0.0762216664909
family/Gamma_inverse,loglik,-391.141453591
family/Gamma_inverse,n_fixed,3
family/Gamma_inverse,nll,391.141453591
family/Gamma_inverse,response_mean,1.95086056807
family/Gamma_inverse,seconds_rtmb,0.2
family/Gamma_inverse,seconds_tmb,0.1
family/Gamma_log,fitted_est_mean,0.653549485325
family/Gamma_log,fitted_est_sd,0.249322306917
family/Gamma_log,link_est_mean,0.637220098656
family/Gamma_log,link_est_sd,0.266137099707
family/Gamma_log,loglik,-392.98807932
family/Gamma_log,n_fixed,3
family/Gamma_log,nll,392.98807932
family/Gamma_log,response_mean,1.95723913219
family/Gamma_log,seconds_rtmb,0.18
family/Gamma_log,seconds_tmb,0.08
family/gamma_mix_identity,fitted_est_mean,2.83882707892
family/gamma_mix_identity,fitted_est_sd,0.630454888398
family/gamma_mix_identity,link_est_mean,2.79753537993
family/gamma_mix_identity,link_est_sd,0.672974021337
family/gamma_mix_identity,loglik,-475.610727746
family/gamma_mix_identity,n_fixed,5
family/gamma_mix_identity,nll,475.610727746
family/gamma_mix_identity,response_mean,2.79753537993
family/gamma_mix_identity,seconds_rtmb,0.19
family/gamma_mix_identity,seconds_tmb,0.1
family/gamma_mix_inverse,fitted_est_mean,0.379641828524
family/gamma_mix_inverse,fitted_est_sd,0.0477200888678
family/gamma_mix_inverse,link_est_mean,0.376516397059
family/gamma_mix_inverse,link_est_sd,0.0509384266739
family/gamma_mix_inverse,loglik,-465.091622472
family/gamma_mix_inverse,n_fixed,5
family/gamma_mix_inverse,nll,465.091622472
family/gamma_mix_inverse,response_mean,2.70493658817
family/gamma_mix_inverse,seconds_rtmb,0.2
family/gamma_mix_inverse,seconds_tmb,0.1
family/gamma_mix_log,fitted_est_mean,1.00189240045
family/gamma_mix_log,fitted_est_sd,0.237160190647
family/gamma_mix_log,link_est_mean,0.986359572665
family/gamma_mix_log,link_est_sd,0.253154746101
family/gamma_mix_log,loglik,-456.551787159
family/gamma_mix_log,n_fixed,5
family/gamma_mix_log,nll,456.551787159
family/gamma_mix_log,response_mean,2.76607206212
family/gamma_mix_log,seconds_rtmb,0.19
family/gamma_mix_log,seconds_tmb,0.09
family/gaussian_identity,fitted_est_mean,2.0088292
family/gaussian_identity,fitted_est_sd,0.405957855703
family/gaussian_identity,link_est_mean,1.98224095413
family/gaussian_identity,link_est_sd,0.433336461773
family/gaussian_identity,loglik,-89.5987490333
family/gaussian_identity,n_fixed,3
family/gaussian_identity,nll,89.5987490333
family/gaussian_identity,response_mean,1.98224095413
family/gaussian_identity,seconds_rtmb,0.14
family/gaussian_identity,seconds_tmb,0.08
family/gaussian_inverse,fitted_est_mean,0.50128519085
family/gaussian_inverse,fitted_est_sd,0.0777337927614
family/gaussian_inverse,link_est_mean,0.496194009178
family/gaussian_inverse,link_est_sd,0.0829763145167
family/gaussian_inverse,loglik,-76.77258764
family/gaussian_inverse,n_fixed,3
family/gaussian_inverse,nll,76.77258764
family/gaussian_inverse,response_mean,2.07319009749
family/gaussian_inverse,seconds_rtmb,0.15
family/gaussian_inverse,seconds_tmb,0.09
family/gaussian_log,fitted_est_mean,0.601081067903
family/gaussian_log,fitted_est_sd,0.29341216021
family/gaussian_log,link_est_mean,0.581864012371
family/gaussian_log,link_est_sd,0.313200460491
family/gaussian_log,loglik,-66.5721769238
family/gaussian_log,n_fixed,3
family/gaussian_log,nll,66.5721769238
family/gaussian_log,response_mean,1.87623047946
family/gaussian_log,seconds_rtmb,0.14
family/gaussian_log,seconds_tmb,0.07
family/gengamma_identity,fitted_est_mean,2.07267653652
family/gengamma_identity,fitted_est_sd,0.436396209915
family/gengamma_identity,link_est_mean,2.04409472794
family/gengamma_identity,link_est_sd,0.465827639196
family/gengamma_identity,loglik,-345.873192472
family/gengamma_identity,n_fixed,4
family/gengamma_identity,nll,345.873192472
family/gengamma_identity,response_mean,2.04409472794
family/gengamma_identity,seconds_rtmb,0.12
family/gengamma_identity,seconds_tmb,0.1
family/gengamma_inverse,fitted_est_mean,0.50953979381
family/gengamma_inverse,fitted_est_sd,0.0944553915914
family/gengamma_inverse,link_est_mean,0.503353429536
family/gengamma_inverse,link_est_sd,0.100825651265
family/gengamma_inverse,loglik,-338.209646522
family/gengamma_inverse,n_fixed,4
family/gengamma_inverse,nll,338.209646522
family/gengamma_inverse,response_mean,2.07042326936
family/gengamma_inverse,seconds_rtmb,0.12
family/gengamma_inverse,seconds_tmb,0.09
family/gengamma_log,fitted_est_mean,0.606238887591
family/gengamma_log,fitted_est_sd,0.265367565118
family/gengamma_log,link_est_mean,0.588858615309
family/gengamma_log,link_est_sd,0.283264482068
family/gengamma_log,loglik,-300.165145067
family/gengamma_log,n_fixed,4
family/gengamma_log,nll,300.165145067
family/gengamma_log,response_mean,1.87329180844
family/gengamma_log,seconds_rtmb,0.11
family/gengamma_log,seconds_tmb,0.09
family/lognormal_identity,fitted_est_mean,1.99573243292
family/lognormal_identity,fitted_est_sd,0.368756268362
family/lognormal_identity,link_est_mean,1.97158070833
family/lognormal_identity,link_est_sd,0.393625925311
family/lognormal_identity,loglik,-322.818613592
family/lognormal_identity,n_fixed,3
family/lognormal_identity,nll,322.818613592
family/lognormal_identity,response_mean,1.97158070833
family/lognormal_identity,seconds_rtmb,0.14
family/lognormal_identity,seconds_tmb,0.08
family/lognormal_inverse,fitted_est_mean,0.50375030107
family/lognormal_inverse,fitted_est_sd,0.0820373508402
family/lognormal_inverse,link_est_mean,0.49837725748
family/lognormal_inverse,link_est_sd,0.087570113121
family/lognormal_inverse,loglik,-344.092086489
family/lognormal_inverse,n_fixed,3
family/lognormal_inverse,nll,344.092086489
family/lognormal_inverse,response_mean,2.07045178636
family/lognormal_inverse,seconds_rtmb,0.15
family/lognormal_inverse,seconds_tmb,0.08
family/lognormal_log,fitted_est_mean,0.607926998475
family/lognormal_log,fitted_est_sd,0.24637317411
family/lognormal_log,link_est_mean,0.591790765521
family/lognormal_log,link_est_sd,0.262989071512
family/lognormal_log,loglik,-288.315719413
family/lognormal_log,n_fixed,3
family/lognormal_log,nll,288.315719413
family/lognormal_log,response_mean,1.86881380477
family/lognormal_log,seconds_rtmb,0.14
family/lognormal_log,seconds_tmb,0.08
family/lognormal_mix_identity,fitted_est_mean,2.89938133149
family/lognormal_mix_identity,fitted_est_sd,0.559985395887
family/lognormal_mix_identity,link_est_mean,2.86270503817
family/lognormal_mix_identity,link_est_sd,0.597751925942
family/lognormal_mix_identity,loglik,-419.250500529
family/lognormal_mix_identity,n_fixed,5
family/lognormal_mix_identity,nll,419.250500529
family/lognormal_mix_identity,response_mean,2.86270503817
family/lognormal_mix_identity,seconds_rtmb,0.16
family/lognormal_mix_identity,seconds_tmb,0.1
family/lognormal_mix_inverse,fitted_est_mean,0.378895083109
family/lognormal_mix_inverse,fitted_est_sd,0.0653881091477
family/lognormal_mix_inverse,link_est_mean,0.374612483084
family/lognormal_mix_inverse,link_est_sd,0.0697980134193
family/lognormal_mix_inverse,loglik,-390.927054046
family/lognormal_mix_inverse,n_fixed,5
family/lognormal_mix_inverse,nll,390.927054046
family/lognormal_mix_inverse,response_mean,2.76577570215
family/lognormal_mix_inverse,seconds_rtmb,0.16
family/lognormal_mix_inverse,seconds_tmb,0.1
family/lognormal_mix_log,fitted_est_mean,1.00210476312
family/lognormal_mix_log,fitted_est_sd,0.261579142638
family/lognormal_mix_log,link_est_mean,0.984972613909
family/lognormal_mix_log,link_est_sd,0.279220560833
family/lognormal_mix_log,loglik,-394.909876859
family/lognormal_mix_log,n_fixed,5
family/lognormal_mix_log,nll,394.909876859
family/lognormal_mix_log,response_mean,2.78074367431
family/lognormal_mix_log,seconds_rtmb,0.15
family/lognormal_mix_log,seconds_tmb,0.09
family/nbinom1_log,fitted_est_mean,0.560581231327
family/nbinom1_log,fitted_est_sd,0.265078840273
family/nbinom1_log,link_est_mean,0.543219869105
family/nbinom1_log,link_est_sd,0.282956285045
family/nbinom1_log,loglik,-540.046197339
family/nbinom1_log,n_fixed,3
family/nbinom1_log,nll,540.046197339
family/nbinom1_log,response_mean,1.78956869914
family/nbinom1_log,seconds_rtmb,0.1
family/nbinom1_log,seconds_tmb,0.08
family/nbinom2_log,fitted_est_mean,0.639119749149
family/nbinom2_log,fitted_est_sd,0.292859299884
family/nbinom2_log,link_est_mean,0.619938903253
family/nbinom2_log,link_est_sd,0.312610314164
family/nbinom2_log,loglik,-547.022481586
family/nbinom2_log,n_fixed,3
family/nbinom2_log,nll,547.022481586
family/nbinom2_log,response_mean,1.94870059535
family/nbinom2_log,seconds_rtmb,0.1
family/nbinom2_log,seconds_tmb,0.09
family/nbinom2_mix_log,fitted_est_mean,1.00394305186
family/nbinom2_mix_log,fitted_est_sd,0.17348355799
family/nbinom2_mix_log,link_est_mean,0.992580730795
family/nbinom2_mix_log,link_est_sd,0.185183634555
family/nbinom2_mix_log,loglik,-626.356281109
family/nbinom2_mix_log,n_fixed,5
family/nbinom2_mix_log,nll,626.356281109
family/nbinom2_mix_log,response_mean,2.743551733
family/nbinom2_mix_log,seconds_rtmb,0.13
family/nbinom2_mix_log,seconds_tmb,0.1
family/ordbeta_logit,fitted_est_mean,-0.208904418981
family/ordbeta_logit,fitted_est_sd,0.612128775192
family/ordbeta_logit,link_est_mean,-0.248995847561
family/ordbeta_logit,link_est_sd,0.653411958567
family/ordbeta_logit,loglik,-181.740658291
family/ordbeta_logit,n_fixed,5
family/ordbeta_logit,nll,181.740658291
family/ordbeta_logit,response_mean,0.443730516685
family/ordbeta_logit,seconds_rtmb,0.19
family/ordbeta_logit,seconds_tmb,0.09
family/poisson_identity,fitted_est_mean,1.95666666667
family/poisson_identity,fitted_est_sd,0.408707524591
family/poisson_identity,link_est_mean,1.92989833099
family/poisson_identity,link_est_sd,0.436271573805
family/poisson_identity,loglik,-508.445640893
family/poisson_identity,n_fixed,2
family/poisson_identity,nll,508.445640893
family/poisson_identity,response_mean,1.92989833099
family/poisson_identity,seconds_rtmb,0.12
family/poisson_identity,seconds_tmb,0.08
family/poisson_log,fitted_est_mean,0.643983293586
family/poisson_log,fitted_est_sd,0.249449018607
family/poisson_log,link_est_mean,0.627645607924
family/poisson_log,link_est_sd,0.266272357086
family/poisson_log,loglik,-518.044454902
family/poisson_log,n_fixed,2
family/poisson_log,nll,518.044454902
family/poisson_log,response_mean,1.93865616489
family/poisson_log,seconds_rtmb,0.1
family/poisson_log,seconds_tmb,0.08
family/student_identity,fitted_est_mean,2.01172207233
family/student_identity,fitted_est_sd,0.360507256305
family/student_identity,link_est_mean,1.98811061751
family/student_identity,link_est_sd,0.384820583456
family/student_identity,loglik,-201.192237668
family/student_identity,n_fixed,4
family/student_identity,nll,201.192237668
family/student_identity,response_mean,1.98811061751
family/student_identity,seconds_rtmb,0.12
family/student_identity,seconds_tmb,0.09
family/student_inverse,fitted_est_mean,0.494808510912
family/student_inverse,fitted_est_sd,0.0800647372111
family/student_inverse,link_est_mean,0.489564663826
family/student_inverse,link_est_sd,0.0854644625012
family/student_inverse,loglik,-149.870129589
family/student_inverse,n_fixed,4
family/student_inverse,nll,149.870129589
family/student_inverse,response_mean,2.10683269276
family/student_inverse,seconds_rtmb,0.14
family/student_inverse,seconds_tmb,0.1
family/student_log,fitted_est_mean,0.621179510375
family/student_log,fitted_est_sd,0.272893333618
family/student_log,link_est_mean,0.603306337216
family/student_log,link_est_sd,0.291297803381
family/student_log,loglik,-157.100386129
family/student_log,n_fixed,4
family/student_log,nll,157.100386129
family/student_log,response_mean,1.90476944031
family/student_log,seconds_rtmb,0.1
family/student_log,seconds_tmb,0.08
family/truncated_nbinom1_log,fitted_est_mean,0.865315411961
family/truncated_nbinom1_log,fitted_est_sd,0.142538865356
family/truncated_nbinom1_log,link_est_mean,0.855979816296
family/truncated_nbinom1_log,link_est_sd,0.152151970237
family/truncated_nbinom1_log,loglik,-560.856987601
family/truncated_nbinom1_log,n_fixed,3
family/truncated_nbinom1_log,nll,560.856987601
family/truncated_nbinom1_log,response_mean,2.94253200518
family/truncated_nbinom1_log,seconds_rtmb,0.12
family/truncated_nbinom1_log,seconds_tmb,0.08
family/truncated_nbinom2_log,fitted_est_mean,0.470329426426
family/truncated_nbinom2_log,fitted_est_sd,0.327255623087
family/truncated_nbinom2_log,link_est_mean,0.448895790283
family/truncated_nbinom2_log,link_est_sd,0.349326393889
family/truncated_nbinom2_log,loglik,-515.232623175
family/truncated_nbinom2_log,n_fixed,3
family/truncated_nbinom2_log,nll,515.232623175
family/truncated_nbinom2_log,response_mean,2.61434098568
family/truncated_nbinom2_log,seconds_rtmb,0.1
family/truncated_nbinom2_log,seconds_tmb,0.08
family/tweedie_identity,fitted_est_mean,1.90008500872
family/tweedie_identity,fitted_est_sd,0.313248801094
family/tweedie_identity,link_est_mean,1.87956875062
family/tweedie_identity,link_est_sd,0.334374923932
family/tweedie_identity,loglik,-598.827559929
family/tweedie_identity,n_fixed,4
family/tweedie_identity,nll,598.827559929
family/tweedie_identity,response_mean,1.87956875062
family/tweedie_identity,seconds_rtmb,0.14
family/tweedie_identity,seconds_tmb,0.1
family/tweedie_log,fitted_est_mean,0.585914169719
family/tweedie_log,fitted_est_sd,0.268944748487
family/tweedie_log,link_est_mean,0.568299609494
family/tweedie_log,link_est_sd,0.287082917806
family/tweedie_log,loglik,-592.449081248
family/tweedie_log,n_fixed,4
family/tweedie_log,nll,592.449081248
family/tweedie_log,response_mean,1.83709231277
family/tweedie_log,seconds_rtmb,0.12
family/tweedie_log,seconds_tmb,0.1
fields/anisotropy,fitted_est_mean,0.4807829367
fields/anisotropy,fitted_est_sd,0.685935892138
fields/anisotropy,link_est_mean,0.496187020695
fields/anisotropy,link_est_sd,0.663679163104
fields/anisotropy,loglik,-251.810662302
fields/anisotropy,n_fixed,7
fields/anisotropy,nll,251.810662302
fields/anisotropy,response_mean,0.496187020695
fields/anisotropy,seconds_rtmb,0.58
fields/anisotropy,seconds_tmb,0.47
fields/bayesian,fitted_est_mean,0.6540267988
fields/bayesian,fitted_est_sd,0.722973029157
fields/bayesian,link_est_mean,0.718986322521
fields/bayesian,link_est_sd,0.714213749605
fields/bayesian,loglik,-439.714579308
fields/bayesian,n_fixed,5
fields/bayesian,nll,439.714579308
fields/bayesian,response_mean,0.718986322521
fields/bayesian,seconds_rtmb,0.35
fields/bayesian,seconds_tmb,0.33
fields/breakpt,fitted_est_mean,0.3018633576
fields/breakpt,fitted_est_sd,0.717859190949
fields/breakpt,link_est_mean,0.333695169439
fields/breakpt,link_est_sd,0.736000811932
fields/breakpt,loglik,-182.877975749
fields/breakpt,n_fixed,6
fields/breakpt,nll,182.877975749
fields/breakpt,response_mean,0.333695169439
fields/breakpt,seconds_rtmb,0.42
fields/breakpt,seconds_tmb,0.37
fields/delta_anisotropy,fitted_est1_mean,0.594187071549
fields/delta_anisotropy,fitted_est1_sd,0.67760667489
fields/delta_anisotropy,fitted_est2_mean,0.825122761045
fields/delta_anisotropy,fitted_est2_sd,0.715127557405
fields/delta_anisotropy,link_est1_mean,0.622072758826
fields/delta_anisotropy,link_est1_sd,0.617228798915
fields/delta_anisotropy,link_est2_mean,0.760208575347
fields/delta_anisotropy,link_est2_sd,0.656428759012
fields/delta_anisotropy,loglik,-880.247204626
fields/delta_anisotropy,n_fixed,11
fields/delta_anisotropy,nll,880.247204626
fields/delta_anisotropy,response_mean,1.69923908695
fields/delta_anisotropy,seconds_rtmb,1.07
fields/delta_anisotropy,seconds_tmb,0.91
fields/delta_both_iid,fitted_est1_mean,0.50663550418
fields/delta_both_iid,fitted_est1_sd,0.687237338057
fields/delta_both_iid,fitted_est2_mean,1.03081619308
fields/delta_both_iid,fitted_est2_sd,0.562416191576
fields/delta_both_iid,index_log_est_mean,4.7703666049
fields/delta_both_iid,index_se_mean,0.0854079043439
fields/delta_both_iid,link_est1_mean,0.518148258964
fields/delta_both_iid,link_est1_sd,0.650749998961
fields/delta_both_iid,link_est2_mean,0.972981607087
fields/delta_both_iid,link_est2_sd,0.501509961773
fields/delta_both_iid,loglik,-915.355787002
fields/delta_both_iid,n_fixed,13
fields/delta_both_iid,nll,915.355787002
fields/delta_both_iid,re_form_na_est1_mean,0.468518137622
fields/delta_both_iid,re_form_na_est1_sd,0.235788233578
fields/delta_both_iid,re_form_na_est2_mean,0.988750094222
fields/delta_both_iid,re_form_na_est2_sd,0.226071705614
fields/delta_both_iid,response_mean,1.84375632043
fields/delta_both_iid,seconds_rtmb,2.51
fields/delta_both_iid,seconds_tmb,2.8
fields/delta_dispformula,fitted_est1_mean,0.504999704808
fields/delta_dispformula,fitted_est1_sd,0.675738920409
fields/delta_dispformula,fitted_est2_mean,1.0587886194
fields/delta_dispformula,fitted_est2_sd,0.56645098288
fields/delta_dispformula,link_est1_mean,0.514146698665
fields/delta_dispformula,link_est1_sd,0.639330119664
fields/delta_dispformula,link_est2_mean,0.997453342769
fields/delta_dispformula,link_est2_sd,0.521481879498
fields/delta_dispformula,loglik,-916.429791214
fields/delta_dispformula,n_fixed,10
fields/delta_dispformula,nll,916.429791214
fields/delta_dispformula,response_mean,1.90884955087
fields/delta_dispformula,seconds_rtmb,0.71
fields/delta_dispformula,seconds_tmb,0.66
fields/delta_formula_list,fitted_est1_mean,0.506677153213
fields/delta_formula_list,fitted_est1_sd,0.686728745444
fields/delta_formula_list,fitted_est2_mean,1.03196074291
fields/delta_formula_list,fitted_est2_sd,0.562387798334
fields/delta_formula_list,link_est1_mean,0.517524896651
fields/delta_formula_list,link_est1_sd,0.646243026276
fields/delta_formula_list,link_est2_mean,0.9732418504
fields/delta_formula_list,link_est2_sd,0.502764141722
fields/delta_formula_list,loglik,-915.463955944
fields/delta_formula_list,n_fixed,11
fields/delta_formula_list,nll,915.463955944
fields/delta_formula_list,response_mean,1.84455955139
fields/delta_formula_list,seconds_rtmb,2.27
fields/delta_formula_list,seconds_tmb,2.51
fields/delta_iid_intercepts,fitted_est1_mean,0.226240607497
fields/delta_iid_intercepts,fitted_est1_sd,1.02312626196
fields/delta_iid_intercepts,fitted_est2_mean,1.03140328954
fields/delta_iid_intercepts,fitted_est2_sd,0.710914167666
fields/delta_iid_intercepts,link_est1_mean,0.269101361877
fields/delta_iid_intercepts,link_est1_sd,0.97111108007
fields/delta_iid_intercepts,link_est2_mean,0.931374583795
fields/delta_iid_intercepts,link_est2_sd,0.656906629179
fields/delta_iid_intercepts,loglik,-859.108523614
fields/delta_iid_intercepts,n_fixed,11
fields/delta_iid_intercepts,nll,859.108523614
fields/delta_iid_intercepts,response_mean,1.79759252373
fields/delta_iid_intercepts,seconds_rtmb,0.91
fields/delta_iid_intercepts,seconds_tmb,0.8
fields/delta_poisson_link,fitted_est1_mean,0.65703695933
fields/delta_poisson_link,fitted_est1_sd,0.682248071791
fields/delta_poisson_link,fitted_est2_mean,0.184703325815
fields/delta_poisson_link,fitted_est2_sd,0.504183595552
fields/delta_poisson_link,index_log_est_mean,5.29256116998
fields/delta_poisson_link,index_se_mean,0.0714257153822
fields/delta_poisson_link,link_est1_mean,0.664211257036
fields/delta_poisson_link,link_est1_sd,0.617235855385
fields/delta_poisson_link,link_est2_mean,0.102741176055
fields/delta_poisson_link,link_est2_sd,0.452743223925
fields/delta_poisson_link,loglik,-1049.29690047
fields/delta_poisson_link,n_fixed,10
fields/delta_poisson_link,nll,1049.29690047
fields/delta_poisson_link,response_mean,3.11401098858
fields/delta_poisson_link,seconds_rtmb,1.84
fields/delta_poisson_link,seconds_tmb,1.99
fields/delta_share_range_list,fitted_est1_mean,0.506547924165
fields/delta_share_range_list,fitted_est1_sd,0.687575873175
fields/delta_share_range_list,fitted_est2_mean,1.03196074291
fields/delta_share_range_list,fitted_est2_sd,0.56238779833
fields/delta_share_range_list,link_est1_mean,0.517350721364
fields/delta_share_range_list,link_est1_sd,0.647248607806
fields/delta_share_range_list,link_est2_mean,0.973241850399
fields/delta_share_range_list,link_est2_sd,0.502764141717
fields/delta_share_range_list,loglik,-915.457829924
fields/delta_share_range_list,n_fixed,12
fields/delta_share_range_list,nll,915.457829924
fields/delta_share_range_list,response_mean,1.84444422542
fields/delta_share_range_list,seconds_rtmb,2.24
fields/delta_share_range_list,seconds_tmb,2.48
fields/delta_spatial_list,fitted_est1_mean,0.506677153215
fields/delta_spatial_list,fitted_est1_sd,0.686728745472
fields/delta_spatial_list,fitted_est2_mean,1.2169829437
fields/delta_spatial_list,fitted_est2_sd,0.290164891071
fields/delta_spatial_list,link_est1_mean,0.517524896653
fields/delta_spatial_list,link_est1_sd,0.646243026301
fields/delta_spatial_list,link_est2_mean,1.16144388256
fields/delta_spatial_list,link_est2_sd,0.203091048577
fields/delta_spatial_list,loglik,-970.801402343
fields/delta_spatial_list,n_fixed,8
fields/delta_spatial_list,nll,970.801402343
fields/delta_spatial_list,response_mean,2.01748777767
fields/delta_spatial_list,seconds_rtmb,1.11
fields/delta_spatial_list,seconds_tmb,1.13
fields/delta_spatial_varying,fitted_est1_mean,0.204473251829
fields/delta_spatial_varying,fitted_est1_sd,0.807463895291
fields/delta_spatial_varying,fitted_est2_mean,1.05665793156
fields/delta_spatial_varying,fitted_est2_sd,0.500409731359
fields/delta_spatial_varying,link_est1_mean,0.172247658369
fields/delta_spatial_varying,link_est1_sd,0.847248337713
fields/delta_spatial_varying,link_est2_mean,0.988536904938
fields/delta_spatial_varying,link_est2_sd,0.452306978447
fields/delta_spatial_varying,loglik,-864.192262813
fields/delta_spatial_varying,n_fixed,11
fields/delta_spatial_varying,nll,864.192262813
fields/delta_spatial_varying,response_mean,1.64608831122
fields/delta_spatial_varying,seconds_rtmb,1.02
fields/delta_spatial_varying,seconds_tmb,0.99
fields/delta_st_list_ar1,fitted_est1_mean,0.504999704796
fields/delta_st_list_ar1,fitted_est1_sd,0.675738920378
fields/delta_st_list_ar1,fitted_est2_mean,1.03020039483
fields/delta_st_list_ar1,fitted_est2_sd,0.56511971299
fields/delta_st_list_ar1,link_est1_mean,0.514146698653
fields/delta_st_list_ar1,link_est1_sd,0.639330119635
fields/delta_st_list_ar1,link_est2_mean,0.972478513822
fields/delta_st_list_ar1,link_est2_sd,0.504936781173
fields/delta_st_list_ar1,loglik,-915.378672871
fields/delta_st_list_ar1,n_fixed,11
fields/delta_st_list_ar1,nll,915.378672871
fields/delta_st_list_ar1,response_mean,1.84434420869
fields/delta_st_list_ar1,seconds_rtmb,1.99
fields/delta_st_list_ar1,seconds_tmb,2.11
fields/delta_time_varying,fitted_est1_mean,0.487428137242
fields/delta_time_varying,fitted_est1_sd,0.622833510985
fields/delta_time_varying,fitted_est2_mean,1.1022221978
fields/delta_time_varying,fitted_est2_sd,0.528640584943
fields/delta_time_varying,link_est1_mean,0.520945933154
fields/delta_time_varying,link_est1_sd,0.606165187929
fields/delta_time_varying,link_est2_mean,1.0277652933
fields/delta_time_varying,link_est2_sd,0.489972566367
fields/delta_time_varying,loglik,-911.398040051
fields/delta_time_varying,n_fixed,9
fields/delta_time_varying,nll,911.398040051
fields/delta_time_varying,response_mean,1.93678475019
fields/delta_time_varying,seconds_rtmb,0.74
fields/delta_time_varying,seconds_tmb,0.66
fields/dispformula,fitted_est_mean,0.654223168187
fields/dispformula,fitted_est_sd,0.722918350396
fields/dispformula,link_est_mean,0.719027138115
fields/dispformula,link_est_sd,0.713857913432
fields/dispformula,loglik,-437.707045339
fields/dispformula,n_fixed,6
fields/dispformula,nll,437.707045339
fields/dispformula,response_mean,0.719027138115
fields/dispformula,seconds_rtmb,0.38
fields/dispformula,seconds_tmb,0.36
fields/extra_time,fitted_est_mean,0.77263651975
fields/extra_time,fitted_est_sd,0.763278296225
fields/extra_time,link_est_mean,0.840580991983
fields/extra_time,link_est_sd,0.73972887623
fields/extra_time,loglik,-295.034785442
fields/extra_time,n_fixed,7
fields/extra_time,nll,295.034785442
fields/extra_time,response_mean,0.840580991983
fields/extra_time,seconds_rtmb,1.16
fields/extra_time,seconds_tmb,1.11
fields/gamma_spatial,fitted_est_mean,0.645341609876
fields/gamma_spatial,fitted_est_sd,0.622955185622
fields/gamma_spatial,link_est_mean,0.709500731022
fields/gamma_spatial,link_est_sd,0.652523445573
fields/gamma_spatial,loglik,-711.856942098
fields/gamma_spatial,n_fixed,5
fields/gamma_spatial,nll,711.856942098
fields/gamma_spatial,response_mean,2.5507464444
fields/gamma_spatial,seconds_rtmb,0.49
fields/gamma_spatial,seconds_tmb,0.39
fields/iid_correlated_slope,fitted_est_mean,0.4537950888
fields/iid_correlated_slope,fitted_est_sd,0.923011372972
fields/iid_correlated_slope,link_est_mean,0.503526926618
fields/iid_correlated_slope,link_est_sd,0.948404983763
fields/iid_correlated_slope,loglik,-316.250286579
fields/iid_correlated_slope,n_fixed,8
fields/iid_correlated_slope,nll,316.250286579
fields/iid_correlated_slope,response_mean,0.503526926618
fields/iid_correlated_slope,seconds_rtmb,0.49
fields/iid_correlated_slope,seconds_tmb,0.46
fields/iid_intercept,fitted_est_mean,0.4537950888
fields/iid_intercept,fitted_est_sd,0.887400493056
fields/iid_intercept,link_est_mean,0.519666424828
fields/iid_intercept,link_est_sd,0.902840865525
fields/iid_intercept,loglik,-384.762232589
fields/iid_intercept,n_fixed,6
fields/iid_intercept,nll,384.762232589
fields/iid_intercept,re_form_na_est_mean,0.51863823936
fields/iid_intercept,re_form_na_est_sd,0.676092787309
fields/iid_intercept,response_mean,0.519666424828
fields/iid_intercept,seconds_rtmb,0.45
fields/iid_intercept,seconds_tmb,0.43
fields/logistic,fitted_est_mean,0.9466983006
fields/logistic,fitted_est_sd,0.845477742603
fields/logistic,link_est_mean,0.982524553333
fields/logistic,link_est_sd,0.842959433107
fields/logistic,loglik,-182.37623004
fields/logistic,n_fixed,7
fields/logistic,nll,182.37623004
fields/logistic,response_mean,0.982524553333
fields/logistic,seconds_rtmb,0.42
fields/logistic,seconds_tmb,0.39
fields/multi_family,fitted_est_mean,0.983304734495
fields/multi_family,fitted_est_sd,0.624348810248
fields/multi_family,link_est_mean,1.02975524216
fields/multi_family,link_est_sd,0.638580374806
fields/multi_family,loglik,-606.725142648
fields/multi_family,n_fixed,5
fields/multi_family,nll,606.725142648
fields/multi_family,response_mean,2.27784087837
fields/multi_family,seconds_rtmb,0.42
fields/multi_family,seconds_tmb,0.38
fields/nb2_st_ar1_offset,fitted_est_mean,0.725793238818
fields/nb2_st_ar1_offset,fitted_est_sd,0.715722553743
fields/nb2_st_ar1_offset,link_est_mean,0.704218696772
fields/nb2_st_ar1_offset,link_est_sd,0.695343734728
fields/nb2_st_ar1_offset,loglik,-1025.7840432
fields/nb2_st_ar1_offset,n_fixed,7
fields/nb2_st_ar1_offset,nll,1025.7840432
fields/nb2_st_ar1_offset,response_mean,2.62786087459
fields/nb2_st_ar1_offset,seconds_rtmb,1.79
fields/nb2_st_ar1_offset,seconds_tmb,1.87
fields/nb2_st_iid_offset,fitted_est_mean,0.728267022209
fields/nb2_st_iid_offset,fitted_est_sd,0.712329192845
fields/nb2_st_iid_offset,index_log_est_mean,5.13429941586
fields/nb2_st_iid_offset,index_se_mean,0.103564378659
fields/nb2_st_iid_offset,link_est_mean,0.712003869758
fields/nb2_st_iid_offset,link_est_sd,0.698573575712
fields/nb2_st_iid_offset,loglik,-1025.95703952
fields/nb2_st_iid_offset,n_fixed,6
fields/nb2_st_iid_offset,nll,1025.95703952
fields/nb2_st_iid_offset,response_mean,2.65658442973
fields/nb2_st_iid_offset,seconds_rtmb,1.08
fields/nb2_st_iid_offset,seconds_tmb,1.16
fields/nonlocal_combined,fitted_est_mean,0.86529028436
fields/nonlocal_combined,fitted_est_sd,0.84916159137
fields/nonlocal_combined,link_est_mean,0.912176101976
fields/nonlocal_combined,link_est_sd,0.865947025193
fields/nonlocal_combined,loglik,112.375282413
fields/nonlocal_combined,n_fixed,6
fields/nonlocal_combined,nll,-112.375282413
fields/nonlocal_combined,response_mean,0.912176101976
fields/nonlocal_combined,seconds_rtmb,0.33
fields/nonlocal_combined,seconds_tmb,0.25
fields/nonlocal_diffusion,fitted_est_mean,0.86529028436
fields/nonlocal_diffusion,fitted_est_sd,0.848233538034
fields/nonlocal_diffusion,link_est_mean,0.908451845517
fields/nonlocal_diffusion,link_est_sd,0.863186631501
fields/nonlocal_diffusion,loglik,102.068257575
fields/nonlocal_diffusion,n_fixed,5
fields/nonlocal_diffusion,nll,-102.068257575
fields/nonlocal_diffusion,response_mean,0.908451845517
fields/nonlocal_diffusion,seconds_rtmb,0.29
fields/nonlocal_diffusion,seconds_tmb,0.23
fields/nonlocal_time_lag,fitted_est_mean,0.86529028436
fields/nonlocal_time_lag,fitted_est_sd,0.847817056297
fields/nonlocal_time_lag,link_est_mean,0.906106590018
fields/nonlocal_time_lag,link_est_sd,0.863019130378
fields/nonlocal_time_lag,loglik,97.5809387806
fields/nonlocal_time_lag,n_fixed,5
fields/nonlocal_time_lag,nll,-97.5809387806
fields/nonlocal_time_lag,response_mean,0.906106590018
fields/nonlocal_time_lag,seconds_rtmb,0.24
fields/nonlocal_time_lag,seconds_tmb,0.18
fields/priors,fitted_est_mean,0.654016514216
fields/priors,fitted_est_sd,0.722315732653
fields/priors,link_est_mean,0.71876110445
fields/priors,link_est_sd,0.712679807575
fields/priors,loglik,-445.49996435
fields/priors,n_fixed,5
fields/priors,nll,445.49996435
fields/priors,response_mean,0.71876110445
fields/priors,seconds_rtmb,0.37
fields/priors,seconds_tmb,0.33
fields/share_range_false,fitted_est_mean,0.526253181078
fields/share_range_false,fitted_est_sd,0.708919531708
fields/share_range_false,link_est_mean,0.557676955293
fields/share_range_false,link_est_sd,0.680994195388
fields/share_range_false,loglik,-365.113706875
fields/share_range_false,n_fixed,11
fields/share_range_false,nll,365.113706875
fields/share_range_false,response_mean,0.557676955293
fields/share_range_false,seconds_rtmb,1.11
fields/share_range_false,seconds_tmb,1.18
fields/smoother,fitted_est_mean,0.4946246074
fields/smoother,fitted_est_sd,0.953590033851
fields/smoother,link_est_mean,0.533628243277
fields/smoother,link_est_sd,0.973630294011
fields/smoother,loglik,-252.320429987
fields/smoother,n_fixed,6
fields/smoother,nll,252.320429987
fields/smoother,response_mean,0.533628243277
fields/smoother,seconds_rtmb,0.51
fields/smoother,seconds_tmb,0.47
fields/spatial_only,fitted_est_mean,0.6540267988
fields/spatial_only,fitted_est_sd,0.722984572229
fields/spatial_only,link_est_mean,0.71899599726
fields/spatial_only,link_est_sd,0.714272697467
fields/spatial_only,loglik,-437.713058397
fields/spatial_only,n_fixed,5
fields/spatial_only,nll,437.713058397
fields/spatial_only,re_form_na_est_mean,0.712160111973
fields/spatial_only,re_form_na_est_sd,0.438417859346
fields/spatial_only,response_mean,0.71899599726
fields/spatial_only,seconds_rtmb,0.38
fields/spatial_only,seconds_tmb,0.39
fields/spatial_varying,fitted_est_mean,0.857320716
fields/spatial_varying,fitted_est_sd,0.843134383359
fields/spatial_varying,link_est_mean,0.909502939705
fields/spatial_varying,link_est_sd,0.858083067955
fields/spatial_varying,loglik,-281.533324786
fields/spatial_varying,n_fixed,6
fields/spatial_varying,nll,281.533324786
fields/spatial_varying,re_form_na_est_mean,0.750626686441
fields/spatial_varying,re_form_na_est_sd,0.458787535617
fields/spatial_varying,response_mean,0.909502939705
fields/spatial_varying,seconds_rtmb,0.52
fields/spatial_varying,seconds_tmb,0.51
fields/st_ar1,fitted_est_mean,0.6540267988
fields/st_ar1,fitted_est_sd,0.792969857814
fields/st_ar1,link_est_mean,0.715689476228
fields/st_ar1,link_est_sd,0.781327496372
fields/st_ar1,loglik,-375.186685005
fields/st_ar1,n_fixed,7
fields/st_ar1,nll,375.186685005
fields/st_ar1,response_mean,0.715689476228
fields/st_ar1,seconds_rtmb,1.3
fields/st_ar1,seconds_tmb,1.19
fields/st_ar1_no_spatial,fitted_est_mean,0.6540267988
fields/st_ar1_no_spatial,fitted_est_sd,0.790412762784
fields/st_ar1_no_spatial,link_est_mean,0.719395165729
fields/st_ar1_no_spatial,link_est_sd,0.789161972288
fields/st_ar1_no_spatial,loglik,-379.172098104
fields/st_ar1_no_spatial,n_fixed,6
fields/st_ar1_no_spatial,nll,379.172098104
fields/st_ar1_no_spatial,response_mean,0.719395165729
fields/st_ar1_no_spatial,seconds_rtmb,0.84
fields/st_ar1_no_spatial,seconds_tmb,0.91
fields/st_iid,cog_se_x_mean,0.213839842849
fields/st_iid,cog_x_mean,5.28510434089
fields/st_iid,cog_y_mean,2.67711593911
fields/st_iid,fitted_est_mean,0.654026798799
fields/st_iid,fitted_est_sd,0.793535148371
fields/st_iid,index_log_est_mean,3.72524938602
fields/st_iid,index_se_mean,0.081274241932
fields/st_iid,link_est_mean,0.714658415002
fields/st_iid,link_est_sd,0.774807650217
fields/st_iid,loglik,-362.918857431
fields/st_iid,n_fixed,10
fields/st_iid,nll,362.918857431
fields/st_iid,re_form_na_est_mean,0.702623705716
fields/st_iid,re_form_na_est_sd,0.482108228695
fields/st_iid,response_mean,0.714658415002
fields/st_iid,seconds_rtmb,1.22
fields/st_iid,seconds_tmb,1.29
fields/st_iid_no_spatial,fitted_est_mean,0.6540267988
fields/st_iid_no_spatial,fitted_est_sd,0.785579898848
fields/st_iid_no_spatial,link_est_mean,0.702448666569
fields/st_iid_no_spatial,link_est_sd,0.748078560677
fields/st_iid_no_spatial,loglik,-434.982828037
fields/st_iid_no_spatial,n_fixed,9
fields/st_iid_no_spatial,nll,434.982828037
fields/st_iid_no_spatial,response_mean,0.702448666569
fields/st_iid_no_spatial,seconds_rtmb,0.6
fields/st_iid_no_spatial,seconds_tmb,0.7
fields/st_iid_reml,fitted_est_mean,0.6540267988
fields/st_iid_reml,fitted_est_sd,0.795173473195
fields/st_iid_reml,link_est_mean,0.714841820583
fields/st_iid_reml,link_est_sd,0.779041920884
fields/st_iid_reml,loglik,-369.943894694
fields/st_iid_reml,n_fixed,4
fields/st_iid_reml,nll,369.943894694
fields/st_iid_reml,response_mean,0.714841820583
fields/st_iid_reml,seconds_rtmb,0.74
fields/st_iid_reml,seconds_tmb,0.79
fields/st_rw,fitted_est_mean,0.6540267988
fields/st_rw,fitted_est_sd,0.789929335188
fields/st_rw,link_est_mean,0.71939912032
fields/st_rw,link_est_sd,0.792329073269
fields/st_rw,loglik,-379.750118621
fields/st_rw,n_fixed,6
fields/st_rw,nll,379.750118621
fields/st_rw,response_mean,0.71939912032
fields/st_rw,seconds_rtmb,0.99
fields/st_rw,seconds_tmb,1.17
fields/time_varying_ar1,fitted_est_mean,0.5678636926
fields/time_varying_ar1,fitted_est_sd,0.695808256253
fields/time_varying_ar1,link_est_mean,0.58869029637
fields/time_varying_ar1,link_est_sd,0.689017632924
fields/time_varying_ar1,loglik,-254.083070649
fields/time_varying_ar1,n_fixed,9
fields/time_varying_ar1,nll,254.083070649
fields/time_varying_ar1,response_mean,0.58869029637
fields/time_varying_ar1,seconds_rtmb,0.44
fields/time_varying_ar1,seconds_tmb,0.4
fields/time_varying_rw,fitted_est_mean,0.5678636926
fields/time_varying_rw,fitted_est_sd,0.696417292055
fields/time_varying_rw,link_est_mean,0.588382881572
fields/time_varying_rw,link_est_sd,0.69025779225
fields/time_varying_rw,loglik,-256.174423304
fields/time_varying_rw,n_fixed,5
fields/time_varying_rw,nll,256.174423304
fields/time_varying_rw,response_mean,0.588382881572
fields/time_varying_rw,seconds_rtmb,0.56
fields/time_varying_rw,seconds_tmb,0.36
fields/time_varying_rw0,fitted_est_mean,0.5678636926
fields/time_varying_rw0,fitted_est_sd,0.695804478428
fields/time_varying_rw0,link_est_mean,0.588471838299
fields/time_varying_rw0,link_est_sd,0.689331715429
fields/time_varying_rw0,loglik,-255.669031828
fields/time_varying_rw0,n_fixed,7
fields/time_varying_rw0,nll,255.669031828
fields/time_varying_rw0,response_mean,0.588471838299
fields/time_varying_rw0,seconds_rtmb,0.41
fields/time_varying_rw0,seconds_tmb,0.38
offset/binomial_cloglog,fitted_est_mean,-0.515851233923
offset/binomial_cloglog,fitted_est_sd,0.619523643712
offset/binomial_cloglog,link_est_mean,-0.616791855925
offset/binomial_cloglog,link_est_sd,0.846055177811
offset/binomial_cloglog,loglik,-187.095949014
offset/binomial_cloglog,n_fixed,2
offset/binomial_cloglog,nll,187.095949014
offset/binomial_cloglog,response_mean,0.455153300253
offset/binomial_cloglog,seconds_rtmb,0.09
offset/binomial_cloglog,seconds_tmb,0.08
offset/binomial_logit,fitted_est_mean,-0.380848896483
offset/binomial_logit,fitted_est_sd,0.62451260181
offset/binomial_logit,link_est_mean,-0.482154866989
offset/binomial_logit,link_est_sd,0.852009644643
offset/binomial_logit,loglik,-191.030617363
offset/binomial_logit,n_fixed,2
offset/binomial_logit,nll,191.030617363
offset/binomial_logit,response_mean,0.398282591165
offset/binomial_logit,seconds_rtmb,0.1
offset/binomial_logit,seconds_tmb,0.08
offset/Gamma_inverse,fitted_est_mean,1.27699127301
offset/Gamma_inverse,fitted_est_sd,0.282829287904
offset/Gamma_inverse,link_est_mean,1.20898655794
offset/Gamma_inverse,link_est_sd,0.309264242343
offset/Gamma_inverse,loglik,-115.226788734
offset/Gamma_inverse,n_fixed,3
offset/Gamma_inverse,nll,115.226788734
offset/Gamma_inverse,response_mean,0.886980746861
offset/Gamma_inverse,seconds_rtmb,0.2
offset/Gamma_inverse,seconds_tmb,0.09
offset/gaussian_identity,fitted_est_mean,2.06577863333
offset/gaussian_identity,fitted_est_sd,0.466657161319
offset/gaussian_identity,link_est_mean,1.97655484314
offset/gaussian_identity,link_est_sd,0.655093710766
offset/gaussian_identity,loglik,-60.7396730468
offset/gaussian_identity,n_fixed,3
offset/gaussian_identity,nll,60.7396730468
offset/gaussian_identity,response_mean,1.97655484314
offset/gaussian_identity,seconds_rtmb,0.13
offset/gaussian_identity,seconds_tmb,0.07
offset/poisson_log,fitted_est_mean,0.635190329897
offset/poisson_log,fitted_est_sd,0.369640837108
offset/poisson_log,link_est_mean,0.554565871356
offset/poisson_log,link_est_sd,0.514941405431
offset/poisson_log,loglik,-489.979755351
offset/poisson_log,n_fixed,2
offset/poisson_log,nll,489.979755351
offset/poisson_log,response_mean,1.97530025196
offset/poisson_log,seconds_rtmb,0.09
offset/poisson_log,seconds_tmb,0.08
