"x","off","size"
-1,-0.4,5
-0.95,-0.38,5
-0.9,-0.36,5
-0.85,-0.34,5
-0.8,-0.32,5
-0.75,-0.3,5
-0.7,-0.28,5
-0.65,-0.26,5
-0.6,-0.24,5
-0.55,-0.22,5
-0.5,-0.2,5
-0.45,-0.18,5
-0.4,-0.16,5
-0.35,-0.14,5
-0.3,-0.12,5
-0.25,-0.1,5
-0.2,-0.08,5
-0.15,-0.06,5
-0.1,-0.04,5
-0.05,-0.02,5
0,0,5
0.05,0.02,5
0.1,0.04,5
0.15,0.06,5
0.2,0.08,5
0.25,0.1,5
0.3,0.12,5
0.35,0.14,5
0.4,0.16,5
0.45,0.18,5
0.5,0.2,5
0.55,0.22,5
0.6,0.24,5
0.65,0.26,5
0.7,0.28,5
0.75,0.3,5
0.8,0.32,5
0.85,0.34,5
0.9,0.36,5
0.95,0.38,5
1,0.4,5
