"v1","v2","v3"
65,111,112
141,81,95
39,56,36
54,7,38
30,66,90
71,51,7
62,12,60
77,23,35
23,77,138
121,138,77
91,101,73
14,25,72
109,33,64
49,64,33
89,8,13
78,100,136
111,65,110
10,23,85
28,45,38
63,102,62
89,104,17
5,54,48
115,46,114
19,34,128
22,36,88
42,101,40
19,100,28
98,66,71
9,8,93
53,70,41
8,89,43
6,70,53
120,121,77
67,84,4
24,3,92
80,81,63
72,83,47
55,88,68
1,85,4
8,9,13
13,9,14
60,12,26
64,123,124
57,74,2
18,50,126
108,50,101
15,37,75
17,15,49
23,138,16
122,64,59
21,28,100
51,79,7
44,3,31
25,60,72
61,107,78
82,96,40
81,141,11
90,114,46
16,85,23
10,61,35
24,62,68
44,92,3
26,12,20
9,93,97
2,83,20
6,103,70
12,62,24
102,139,27
21,76,84
28,38,34
16,132,29
32,37,15
51,87,117
39,22,58
21,84,69
44,57,20
15,104,32
4,85,106
109,130,33
43,89,33
79,134,34
19,28,34
119,77,118
35,23,10
52,58,22
36,3,24
73,75,37
82,105,74
3,48,31
7,34,38
5,48,56
39,36,22
47,74,105
2,20,57
14,97,25
53,41,93
40,4,42
42,4,106
93,43,125
43,93,8
31,86,44
12,92,20
31,38,45
45,28,21
46,115,116
117,87,116
47,32,13
13,14,47
38,31,48
3,56,48
123,64,122
49,33,17
29,126,50
73,50,18
87,51,71
79,51,134
66,5,58
88,133,22
41,97,93
99,65,95
38,48,54
66,98,5
88,55,127
36,68,88
3,36,56
56,39,5
69,31,45
40,91,82
52,90,66
58,5,39
49,15,59
18,129,59
26,72,60
11,139,102
118,35,61
76,107,1
103,6,63
27,68,62
60,103,62
6,80,63
124,109,64
49,59,64
112,113,65
80,6,53
58,52,66
30,71,66
4,40,67
86,31,69
27,55,68
68,36,24
45,21,69
67,96,86
70,60,25
25,41,70
54,98,7
46,87,30
26,20,83
72,47,14
59,75,18
37,91,73
47,2,74
57,86,96
73,18,75
75,59,15
107,61,10
1,84,76
35,118,77
119,120,77
100,78,76
128,136,100
34,7,79
117,134,51
53,94,80
137,141,113
11,63,81
95,81,80
105,82,91
74,96,82
2,47,83
83,72,26
1,4,84
67,69,84
16,106,85
85,1,10
69,67,86
57,44,86
71,30,87
46,116,87
55,27,139
127,133,88
13,32,104
17,33,89
46,30,90
52,133,90
42,106,108
32,105,37
44,20,92
92,12,24
43,33,130
99,140,65
94,53,93
125,131,93
94,99,80
113,141,65
67,40,96
96,74,57
41,25,97
97,14,9
71,7,98
54,5,98
95,80,99
131,140,94
76,21,100
19,128,100
50,73,101
91,40,101
27,62,102
102,63,11
63,62,103
60,70,103
15,17,104
104,89,13
91,37,105
32,47,105
106,16,29
29,108,106
10,1,107
76,78,107
101,42,108
108,29,50
94,93,131
129,18,126
52,22,133
61,78,136
122,59,129
130,125,43
99,94,140
126,29,132
114,90,133
128,34,134
127,139,135
136,118,61
11,141,135
132,16,138
11,135,139
139,127,55
110,65,140
95,65,141
137,135,141
