"from","to"
"Lucas","Fulton"
"Fulton","Williams"
"Geauga","Cuyahoga"
"Lucas","Ottawa"
"Lucas","Wood"
"Ottawa","Wood"
"Cuyahoga","Lorain"
"Ottawa","Sandusky"
"Wood","Sandusky"
"Geauga","Trumbull"
"Lucas","Henry"
"Fulton","Henry"
"Williams","Henry"
"Wood","Henry"
"Lorain","Erie"
"Sandusky","Erie"
"Williams","Defiance"
"Henry","Defiance"
"Cuyahoga","Summit"
"Geauga","Portage"
"Trumbull","Portage"
"Summit","Portage"
"Lorain","Huron"
"Sandusky","Huron"
"Erie","Huron"
"Cuyahoga","Medina"
"Lorain","Medina"
"Summit","Medina"
"Wood","Seneca"
"Sandusky","Seneca"
"Huron","Seneca"
"Defiance","Paulding"
"Wood","Hancock"
"Seneca","Hancock"
"Henry","Putnam"
"Defiance","Putnam"
"Paulding","Putnam"
"Hancock","Putnam"
"Trumbull","Mahoning"
"Portage","Mahoning"
"Lorain","Ashland"
"Huron","Ashland"
"Medina","Ashland"
"Huron","Crawford"
"Seneca","Crawford"
"Huron","Richland"
"Ashland","Richland"
"Crawford","Richland"
"Summit","Wayne"
"Medina","Wayne"
"Ashland","Wayne"
"Paulding","Van Wert"
"Putnam","Van Wert"
"Seneca","Wyandot"
"Hancock","Wyandot"
"Crawford","Wyandot"
"Summit","Stark"
"Portage","Stark"
"Mahoning","Stark"
"Wayne","Stark"
"Mahoning","Columbiana"
"Stark","Columbiana"
"Hancock","Allen"
"Putnam","Allen"
"Van Wert","Allen"
"Hancock","Hardin"
"Wyandot","Hardin"
"Allen","Hardin"
"Van Wert","Mercer"
"Stark","Carroll"
"Columbiana","Carroll"
"Crawford","Morrow"
"Richland","Morrow"
"Crawford","Marion"
"Wyandot","Marion"
"Hardin","Marion"
"Morrow","Marion"
"Van Wert","Auglaize"
"Allen","Auglaize"
"Hardin","Auglaize"
"Mercer","Auglaize"
"Ashland","Holmes"
"Wayne","Holmes"
"Stark","Holmes"
"Stark","Tuscarawas"
"Carroll","Tuscarawas"
"Holmes","Tuscarawas"
"Columbiana","Jefferson"
"Carroll","Jefferson"
"Ashland","Knox"
"Richland","Knox"
"Morrow","Knox"
"Holmes","Knox"
"Hardin","Logan"
"Auglaize","Logan"
"Hardin","Union"
"Marion","Union"
"Logan","Union"
"Auglaize","Shelby"
"Logan","Shelby"
"Holmes","Coshocton"
"Tuscarawas","Coshocton"
"Knox","Coshocton"
"Morrow","Delaware"
"Marion","Delaware"
"Knox","Delaware"
"Union","Delaware"
"Carroll","Harrison"
"Tuscarawas","Harrison"
"Jefferson","Harrison"
"Mercer","Darke"
"Shelby","Darke"
"Knox","Licking"
"Coshocton","Licking"
"Delaware","Licking"
"Logan","Champaign"
"Union","Champaign"
"Shelby","Champaign"
"Tuscarawas","Guernsey"
"Coshocton","Guernsey"
"Harrison","Guernsey"
"Shelby","Miami"
"Darke","Miami"
"Champaign","Miami"
"Jefferson","Belmont"
"Harrison","Belmont"
"Guernsey","Belmont"
"Coshocton","Muskingum"
"Licking","Muskingum"
"Guernsey","Muskingum"
"Union","Franklin"
"Delaware","Franklin"
"Licking","Franklin"
"Union","Madison"
"Champaign","Madison"
"Franklin","Madison"
"Champaign","Clark"
"Miami","Clark"
"Madison","Clark"
"Guernsey","Noble"
"Belmont","Noble"
"Muskingum","Noble"
"Licking","Fairfield"
"Franklin","Fairfield"
"Licking","Perry"
"Muskingum","Perry"
"Fairfield","Perry"
"Darke","Montgomery"
"Miami","Montgomery"
"Clark","Montgomery"
"Darke","Preble"
"Montgomery","Preble"
"Belmont","Monroe"
"Noble","Monroe"
"Madison","Greene"
"Clark","Greene"
"Montgomery","Greene"
"Franklin","Pickaway"
"Madison","Pickaway"
"Fairfield","Pickaway"
"Muskingum","Morgan"
"Noble","Morgan"
"Perry","Morgan"
"Madison","Fayette"
"Greene","Fayette"
"Pickaway","Fayette"
"Fairfield","Hocking"
"Perry","Hocking"
"Pickaway","Hocking"
"Noble","Washington"
"Monroe","Washington"
"Morgan","Washington"
"Montgomery","Warren"
"Greene","Warren"
"Montgomery","Butler"
"Preble","Butler"
"Warren","Butler"
"Greene","Clinton"
"Fayette","Clinton"
"Warren","Clinton"
"Perry","Athens"
"Morgan","Athens"
"Hocking","Athens"
"Washington","Athens"
"Pickaway","Ross"
"Fayette","Ross"
"Hocking","Ross"
"Hocking","Vinton"
"Athens","Vinton"
"Ross","Vinton"
"Fayette","Highland"
"Clinton","Highland"
"Ross","Highland"
"Warren","Hamilton"
"Butler","Hamilton"
"Warren","Clermont"
"Clinton","Clermont"
"Hamilton","Clermont"
"Clinton","Brown"
"Highland","Brown"
"Clermont","Brown"
"Ross","Jackson"
"Vinton","Jackson"
"Athens","Meigs"
"Vinton","Meigs"
"Ross","Pike"
"Highland","Pike"
"Jackson","Pike"
"Highland","Adams"
"Brown","Adams"
"Pike","Adams"
"Vinton","Gallia"
"Jackson","Gallia"
"Meigs","Gallia"
"Jackson","Scioto"
"Pike","Scioto"
"Adams","Scioto"
"Jackson","Lawrence"
"Gallia","Lawrence"
"Scioto","Lawrence"
"Geauga","Ashtabula"
"Trumbull","Ashtabula"
"Geauga","Lake"
"Cuyahoga","Lake"
"Ashtabula","Lake"
