"X","Y","year","x","z","off","g","y_gauss","y_aniso","y_range","y_svc","y_tv","y_re","y_smooth","y_breakpt","y_logistic","y_nb2","y_gamma","y_delta","y_delta_aniso","y_delta_svc","y_delta_tv","y_delta_re","y_deltapl","dist","y_mf","y_nl"
2.4719,8.0873,2011,-0.29399,0.85394,-0.083733,"g02",0.088744,1.7596,0.66013,0.34191,0.42866,0.27778,1.2962,0.55712,1.3366,4,1.6199,3.1547,2.4698,3.435,2.9258,1.3199,11.853,"gauss",0.61276,0.10482
5.0435,4.5049,2011,0.8047,-0.45661,0.1544,"g03",-0.3792,1.0138,0.23266,0.48297,-1.1295,0.42249,-0.79081,-0.8696,0.39059,0,1.5625,0,0,9.9817,0,0,0,"pois",2,1.5023
6.9697,6.4733,2011,-0.011305,0.8962,-0.056446,"g13",1.1679,-0.18603,0.30418,0.59576,1.5359,0.10327,2.5336,1.4913,2.7835,7,2.577,8.7888,0,0,1.4453,7.0634,0,"gauss",1.9213,0.6186
2.5478,6.8853,2011,-0.080397,-0.072125,0.21115,"g07",0.070811,0.3663,0.38679,-0.27986,-0.053952,0.90842,-0.67351,-0.046833,0.7159,3,1.3903,6.2203,1.8594,0,1.2578,3.5434,4.2267,"pois",0,0.4526
7.8658,7.5694,2011,-0.46384,-0.16223,0.25733,"g20",0.61773,0.20665,0.040453,0.43381,0.26781,0.10681,0.3051,0.083945,0.79271,1,1.0508,0,0,0,0,0,0,"gauss",1.5238,0.29839
1.8857,8.139,2011,-0.48835,0.14637,0.37258,"g03",-0.11031,0.26389,1.7805,-0.14824,0.30325,0.36363,0.41277,0.2833,0.8409,0,0.691,4.0036,0.72724,6.024,1.3233,0,2.8829,"pois",3,-0.068077
7.5257,1.6742,2011,0.96238,0.23962,0.29529,"g17",3.0382,0.77573,1.3419,2.7867,2.3272,2.5943,2.5,1.9087,2.9936,7,4.2591,4.3627,0,5.1763,5.4546,3.6337,2.7525,"gauss",2.585,1.5294
7.3946,9.2402,2011,-0.47861,0.63264,0.42233,"g09",0.23529,0.13654,-0.25975,0.47942,1.0685,0.11168,1.4788,1.2579,2.2376,4,0.71523,5.4441,4.4288,0,0,1.7345,1.9476,"pois",1,-0.14646
3.7427,0.86576,2011,1.4676,-0.3249,-0.35149,"g13",1.8738,0.99065,0.93472,1.7444,0.34955,-0.93334,0.047237,0.49928,0.77613,4,4.484,0,0,0,5.2387,0,5.1781,"gauss",2.1149,2.5275
4.6319,0.85644,2011,1.5275,-0.01888,0.28609,"g15",1.4079,1.7214,-0.055082,1.7867,0.29734,1.2541,0.51824,0.49283,0.71407,4,2.4931,4.0646,0,0,0,0,4.866,"pois",3,2.1272
5.6766,4.6045,2011,0.71817,-0.43704,0.30414,"g04",0.56696,-0.16649,0.38944,1.1386,-0.61905,1.1108,-0.13653,-0.53329,0.47586,0,2.8951,11.499,2.9042,0,0,0,0,"gauss",1.4,1.6055
1.874,9.0027,2011,-0.55687,-0.78135,-0.090402,"g03",0.38278,-0.60255,2.0156,0.077345,-1.3417,-0.086944,-0.57909,-0.80259,-0.16852,0,1.2,0,2.4821,0,0.75753,0,6.3921,"pois",0,-0.38052
9.5659,3.0136,2011,0.16248,0.91484,-0.21093,"g08",0.62556,2.2802,1.1227,0.17544,1.1099,-0.34608,0.65552,0.71759,2.1484,0,1.3386,4.2962,0,0,1.4265,0,2.4046,"gauss",0.7534,0.6322
7.1031,4.3033,2011,0.50638,-0.47161,0.11143,"g15",0.9309,0.73024,0.65645,1.2003,-0.15482,0.57627,-0.53087,0.75561,0.74879,4,0.88714,7.5763,0.82721,2.5796,9.2068,6.4073,4.8156,"pois",4,1.3209
3.7288,2.3178,2011,1.2717,-0.60673,0.46197,"g06",1.4436,0.96086,0.63892,1.6909,-0.32552,1.5143,-0.73147,-0.0077511,0.41527,0,4.0196,0,0,0,1.9206,0,0,"gauss",1.3861,1.7994
5.0184,2.147,2011,1.3545,0.85033,0.36711,"g18",0.93688,0.77183,0.81916,1.2627,0.49753,0.37465,0.99292,0.54529,1.095,9,2.1991,0,0,1.2486,0,0,0,"pois",0,2.3613
1.773,2.2899,2011,0.7776,0.3785,-0.10801,"g13",0.62755,0.071982,0.23583,1.9522,0.74482,-0.35261,1.1901,1.036,1.4945,1,2.1909,2.8776,1.0598,3.381,1.6069,3.1628,1.1247,"gauss",2.14,1.6239
0.63474,7.2733,2011,-0.84548,-0.53857,-0.49598,"g14",0.70647,0.032895,0.017947,0.73102,-0.21021,0.86573,-0.50341,0.058612,0.6403,2,1.0482,0.57313,0,0,0,0,0,"pois",1,-0.17536
2.1215,1.3926,2011,1.0344,-0.39686,-0.13195,"g18",1.1112,0.37458,1.0357,1.789,-0.38664,0.99991,-0.59225,0.50609,0.29371,8,1.9331,0,1.9168,0,1.2479,0,0,"gauss",1.1737,1.5266
0.2034,3.1616,2011,-0.022701,0.052681,-0.040613,"g19",-0.45709,-0.60266,-0.76337,-0.059076,-0.6297,-1.2944,0.35393,0.27085,-0.10627,1,0.40693,1.9768,5.9106,1.9592,3.4875,1.8853,0,"pois",0,0.54932
7.1977,1.6177,2011,1.0593,-0.45507,0.13411,"g04",3.1523,1.2387,1.8227,3.6139,1.8929,2.4776,0.80379,1.4853,2.1798,6,10.045,9.3259,3.0115,0,3.15,0,9.1989,"gauss",3.4488,1.8494
1.1097,2.5102,2011,0.48447,-0.1218,0.0037192,"g09",-0.046667,-0.27595,-0.62801,0.92956,-0.27297,-0.11726,0.28487,0.19495,0.60817,3,0.59668,0,1.3508,1.3657,0,0.82734,0.53434,"pois",1,1.1861
5.0639,9.8826,2011,-0.0424,0.47582,-0.46064,"g14",0.22949,0.49162,0.48299,0.67285,1.1064,1.3013,1.7477,0.93265,1.8257,0,0.62818,1.3763,0.95861,0,0,1.7035,0,"gauss",1.8838,0.36284
6.0586,4.6602,2011,0.64387,-0.39539,0.36357,"g14",0.7618,-0.12169,0.3647,1.0892,-0.27431,1.5647,-0.3822,-0.55626,0.83592,0,3.3122,0,7.4928,21.678,15.848,0,4.8384,"pois",0,1.5012
4.1318,8.5984,2011,-0.029339,-0.50457,0.11275,"g20",0.74117,1.7751,0.82251,0.28503,0.22123,-0.78434,-0.50635,-0.099824,-0.23901,0,2.9703,5.3073,0.81562,0,0,0,1.9409,"gauss",0.66896,0.324
0.68861,2.7794,2011,0.25989,0.77383,0.46197,"g20",-0.21148,-0.34685,-0.29641,0.58608,0.32175,-0.033534,0.78798,0.54136,0.72705,4,1.1385,2.3735,7.4596,7.2271,3.7775,0,2.3463,"pois",0,0.85131
9.517,6.6307,2011,-0.73299,0.07976,0.12676,"g02",-0.57231,0.38176,0.09678,-0.092873,-0.61817,-0.91178,0.37363,-0.23685,0.28884,0,0.28423,3.1932,1.5675,9.7852,4.1062,0,0,"gauss",-0.37499,-0.35898
0.53477,8.8226,2011,-1.0672,0.64288,0.16759,"g09",-0.41169,-0.14657,1.5375,0.5954,0.16324,-0.87558,0.9994,0.34578,1.2955,3,0.87526,0.89166,0,0.92004,1.1653,0,0.53819,"pois",0,-0.47342
7.5086,4.8916,2011,0.24075,0.97251,0.41645,"g04",0.2405,0.24391,0.87347,0.055821,0.83867,0.38279,1.5939,0.82929,1.4774,4,2.5177,9.4883,1.7798,6.9349,7.9653,0,3.5089,"gauss",1.7649,0.64391
1.656,9.3719,2011,-0.64263,0.36873,-0.18435,"g09",-0.044721,-0.45978,1.3034,0.12551,-0.32296,-1.419,0.91269,-0.052597,0.79722,0,0.47254,1.0403,7.2152,0,4.3423,4.0596,2.595,"pois",0,-0.026954
5.8252,2.2372,2011,1.2559,-0.61879,0.26884,"g15",1.0864,1.162,0.53887,1.5453,0.2424,1.0826,-0.12144,-0.20398,0.053309,7,2.9864,2.7253,0,0,0,1.593,1.6368,"gauss",1.4122,1.6756
6.3092,3.494,2011,0.89864,-0.76404,0.43693,"g09",1.4327,1.1676,0.69133,2.1127,-0.085621,0.63811,-0.19461,-0.31995,0.43708,0,1.3449,0,0,8.1246,0,2.1339,2.0867,"pois",2,1.363
8.829,4.2903,2011,0.029142,0.70942,0.45586,"g09",0.65552,-0.84482,1.3417,-0.29198,0.0036075,-1.0425,0.32766,-0.29761,0.98889,2,0.93827,0,0,0,3.0698,2.1347,4.3314,"gauss",0.2877,0.79772
4.2668,2.1349,2011,1.3551,0.58685,-0.050654,"g09",2.1054,0.77771,0.27777,2.1501,1.0119,0.45846,1.6454,1.4738,1.9728,3,2.1228,0,0.99793,0,2.9287,0,2.7914,"pois",4,2.171
5.2436,9.1518,2011,-0.060679,-0.031478,-0.014453,"g03",-0.6348,0.87402,0.62832,0.7832,0.49791,0.84358,0.62057,0.7163,1.4933,2,0.62068,1.4547,2.2332,0,0,0,1.2873,"gauss",1.1128,0.28714
2.7478,8.253,2011,-0.23552,-0.53309,0.21643,"g05",-0.46185,2.1792,1.0173,0.27267,-1.0128,-0.64249,-1.7578,-0.77483,-0.51709,0,0.77361,1.9079,0.67884,2.4665,1.9362,0,1.9668,"pois",0,0.40339
0.18665,5.7099,2011,-0.68599,0.44421,0.11892,"g12",0.0056983,-0.63601,-0.47494,-0.43496,0.070906,-0.77195,0.51576,0.079846,0.5769,3,0.85923,2.3591,0,0,2.4273,1.859,0,"gauss",-0.22835,-0.47912
9.2738,8.876,2011,-0.98457,0.92374,0.0087886,"g12",0.044791,-0.42505,0.31934,0.76636,1.4972,-0.442,1.5593,1.0758,1.524,0,1.4457,0,0,0,0,0,0,"pois",2,-0.6655
5.7244,6.7044,2011,0.18985,0.027224,0.14214,"g08",1.1768,-0.47853,-0.69418,0.46203,0.72021,0.79469,1.6135,0.85767,1.6478,0,2.2387,0,0.58044,1.0312,3.26,3.8564,4.036,"gauss",1.4274,0.29214
2.8309,3.2275,2011,0.90551,-0.11912,0.4222,"g14",0.50932,1.0453,-0.22953,0.74349,-0.26887,0.98811,0.03602,0.022796,0.32887,2,1.1985,0,0,0,0,0,0,"pois",2,1.5467
1.952,0.40466,2011,1.055,-0.238,-0.080624,"g02",1.9296,1.4354,0.70717,1.8394,0.748,1.1993,0.40906,0.73334,0.74271,1,4.0722,7.0433,5.8243,4.1367,5.3324,7.8835,2.7859,"gauss",1.9841,1.5797
2.1566,9.3007,2011,-0.46883,-0.19836,0.046306,"g03",-0.60983,0.07366,2.0209,-0.26494,-0.99162,-0.13807,-0.68503,-0.88547,-0.29912,2,0.73281,2.7331,0.97739,0,0,0,3.1652,"pois",0,-0.11449
6.0949,9.8623,2011,-0.16804,-0.53722,-0.26512,"g04",0.4428,1.0078,0.088527,0.78365,0.0012494,0.28637,-0.048318,0.22821,0.42665,0,1.1262,1.8871,2.6783,0,1.2998,0,1.4249,"gauss",1.0934,0.31496
1.2423,9.3776,2011,-0.79925,-0.30478,0.45191,"g08",-0.15892,-0.31575,1.6136,-0.32634,-0.35611,-0.22985,-1.1773,-0.56719,-0.35961,0,1.6964,0,4.8531,0,4.3059,6.5357,1.1123,"pois",0,-0.14356
8.4172,6.0978,2011,-0.32556,0.0020612,-0.38822,"g16",-0.8001,-0.18166,1.3125,0.45112,0.22669,0.5946,0.58086,0.39184,0.8104,0,0.9581,2.2238,2.3269,0,0,0,8.0581,"gauss",0.66131,0.53563
8.714,5.8788,2011,-0.35504,0.066072,0.37628,"g15",-0.60162,-0.48258,1.6065,-0.23106,-0.14347,-0.35756,0.1189,-0.25717,0.38744,1,0.77815,7.9817,0.94321,7.1267,4.9977,2.132,6.3663,"pois",0,0.19392
2.1422,3.6905,2011,0.59308,0.44827,0.25199,"g11",0.37882,0.6731,-0.81366,1.2119,0.5644,0.46369,1.4585,0.71213,1.7007,2,3.1263,7.3562,5.047,9.4639,0,8.9354,6.5306,"gauss",1.3246,1.3961
6.3042,8.5654,2011,-0.18381,0.77936,-0.16336,"g09",0.15034,0.43675,1.2021,0.88654,0.92937,0.088184,1.0031,0.81641,1.8497,1,0.82427,0,2.4147,1.1604,2.3392,1.0152,2.6355,"pois",2,0.17256
9.4702,9.1678,2011,-1.0419,0.088847,-0.38485,"g15",0.46816,0.10166,0.18438,0.45107,0.81244,0.068996,1.1002,1.0505,1.8118,0,1.4865,0,0,0,0,0,0,"gauss",1.0895,-0.49397
8.383,6.867,2011,-0.48586,0.6558,0.058504,"g17",-0.17617,-0.3403,0.68782,0.33958,0.47017,-0.59014,1.7125,0.45694,1.1626,0,1.723,0,4.0246,4.8319,2.9394,0,7.243,"pois",1,0.020958
2.0672,1.8142,2011,0.95924,-0.45488,0.46189,"g07",1.8048,0.047797,0.80159,1.5018,0.48188,2.897,-0.33257,0.5521,0.23726,13,2.5645,0,0.67948,1.9161,0,0,0.57863,"gauss",1.8185,1.7768
0.6369,7.9441,2011,-0.94618,0.77696,0.20602,"g04",0.50645,-0.64885,1.0994,0.67305,0.7279,0.55573,2.305,1.0409,2.2914,1,1.0724,1.2365,1.037,0,0,1.0019,0.72163,"pois",2,-0.76507
2.5348,5.5945,2011,0.21415,0.16461,0.40847,"g08",-0.24696,1.6118,0.36331,0.45356,-0.10524,-0.80827,0.32962,0.15965,0.86436,0,0.78016,4.9707,6.9661,2.2717,4.1829,1.6154,22.55,"gauss",0.58591,0.64819
5.9173,1.4866,2011,1.3576,0.5362,0.36462,"g04",2.008,1.2706,1.3714,2.8733,1.5637,2.1115,2.4589,1.6305,2.5712,10,13.723,2.8917,4.7349,2.041,0,5.1885,0,"pois",4,2.0422
4.3454,0.7561,2011,1.5279,0.20369,-0.11884,"g14",1.8532,1.8027,1.2459,2.5568,0.8485,2.7031,1.2315,1.2003,1.7683,1,2.0218,4.268,0,0,0,0,3.5913,"gauss",1.9806,2.142
1.5967,5.8863,2011,-0.16966,0.015471,0.22275,"g14",-0.34661,0.41274,-0.33333,0.1702,-0.88727,0.72207,-0.35005,0.17073,0.32389,0,0.24699,0,10.746,0.62267,4.8062,2.0985,4.3405,"pois",3,0.26281
3.117,0.13514,2011,1.3914,0.36601,-0.30332,"g18",1.7613,1.7675,1.2779,1.4055,0.87109,1.7038,2.8269,1.7117,2.5202,1,2.0246,0,3.777,0,2.1748,0,1.5973,"gauss",2.6249,2.3229
6.1936,5.4796,2011,0.40282,0.01841,0.22094,"g04",0.84111,0.10638,0.18983,1.1593,0.79291,1.0999,1.0517,1.2533,1.4539,9,1.0249,0,0,0,0,0,8.2426,"pois",4,0.73627
2.5842,1.2994,2011,1.1861,0.70003,0.4538,"g16",1.6609,0.40235,0.96545,1.9098,1.5007,1.9694,2.3558,0.93068,1.8774,1,4.6999,1.9605,1.7641,0,0,0,0,"gauss",2.0329,1.3716
5.0849,8.1756,2011,0.015442,-0.25902,-0.36958,"g07",-0.19378,1.6096,1.1631,0.16419,-0.0021583,1.0708,0.20188,0.17609,0.24119,0,0.68957,0.76632,0.45011,3.6239,0,0,2.1223,"pois",2,0.52291
8.6397,6.3626,2011,-0.44951,0.55369,0.032689,"g07",-0.47009,-0.66254,1.0299,-0.34642,0.13432,0.21386,1.1784,-0.031569,0.93491,2,0.54084,5.4887,2.7531,2.282,0,2.5916,1.9389,"gauss",0.84946,-0.15761
9.8169,9.3537,2011,-1.1203,-0.049691,0.3322,"g16",1.4527,-0.83123,-0.2001,1.2522,1.0484,0.25846,0.53533,0.82169,1.1561,6,2.1247,0,0,0,0,0,1.7927,"pois",1,-0.60396
5.3262,8.8742,2011,-0.057632,-0.66835,0.30091,"g09",0.089092,1.0225,0.4129,1.1338,-0.20126,0.0098134,-0.34299,0.21876,0.49663,1,1.608,1.5942,2.9741,0,0,1.3414,1.158,"gauss",0.88732,0.54816
6.8696,3.4173,2011,0.79143,-0.014074,-0.3704,"g14",0.99902,1.3244,0.67271,1.3764,0.022093,2.2277,0.8035,0.72501,1.5497,6,5.4034,1.0365,0.5144,5.5214,3.1872,0,2.6376,"pois",4,1.3492
4.1794,3.4616,2011,1.0679,0.56515,0.24814,"g04",-0.46792,1.3319,1.4496,0.2499,0.47653,0.29565,0.5419,-0.20568,0.61884,0,0.62497,0,0.66275,0,0.80933,0.95548,1.3087,"gauss",0.29585,1.2123
3.9423,0.83692,2011,1.4929,-0.88461,-0.47284,"g07",1.2516,1.6939,0.89919,2.6769,-0.24391,3.6275,0.28211,0.17851,0.49075,1,3.7522,0,0,0,0.79346,0.97598,2.4613,"pois",3,2.3187
5.248,9.6435,2011,-0.062225,0.7427,-0.18258,"g01",0.29849,1.3986,-0.27967,0.80414,1.051,0.48398,1.9003,0.9022,1.929,2,3.1871,0,0,0,0,0,0,"gauss",1.6423,0.38587
4.0717,3.2472,2011,1.1111,-0.88485,0.28505,"g11",0.61431,1.6967,0.7138,0.67294,-1.0326,0.42891,-0.49614,-0.71859,0.28176,1,0.70861,0,1.0752,1.7619,0,2.3603,1.0507,"pois",1,1.7096
6.9291,7.1876,2011,-0.14572,0.2853,0.09629,"g06",0.33816,-0.23742,0.59223,0.96416,0.75516,0.83477,1.4256,0.89695,1.7711,3,2.3255,0,2.3977,2.8641,9.1568,0,5.9581,"gauss",1.147,0.20879
2.3505,6.2188,2011,0.0064993,-0.055962,0.10858,"g03",-0.86468,0.9036,0.6996,-0.44344,-0.88351,0.12646,-0.70708,-0.82266,-0.1535,0,0.26153,2.4506,7.0004,3.9797,2.503,5.124,6.3485,"pois",2,0.66116
1.6346,2.5901,2011,0.66931,0.051221,-0.03282,"g07",0.078423,0.29001,-0.11705,1.9728,-0.064527,2.4387,0.50181,0.21345,0.89629,0,1.6782,1.9046,2.5408,2.4841,0,1.6929,1.8808,"gauss",1.4091,1.1361
1.0883,1.0191,2011,0.69439,0.53689,0.33221,"g11",0.65986,1.0705,1.2315,0.69122,0.23103,0.42998,2.0528,0.20198,1.6315,1,1.4746,0,1.4784,0,0,7.5898,2.0431,"pois",4,2.005
0.61095,4.3158,2011,-0.14679,0.1294,-0.28232,"g19",0.51988,0.095647,-0.31074,0.31523,0.28677,-0.35355,1.1108,0.58583,1.4155,1,2.2895,0.77071,6.8509,0.48178,0.68082,0.36733,0.96389,"gauss",0.70349,0.52406
3.4128,2.469,2011,1.1942,0.76188,-0.20108,"g06",1.3759,0.7536,0.79486,1.5221,0.53172,1.088,1.266,0.79433,1.1605,1,1.7627,0,0.35538,0,0,0,3.3537,"pois",3,1.6383
8.0523,9.9213,2011,-0.6543,-0.36135,-0.49227,"g03",-0.35313,0.87209,-1.0205,0.14168,-0.1023,0.59299,-0.07893,0.5448,0.64277,0,2.6996,0,0,0,0.63755,0,0.46414,"gauss",0.66236,-0.38154
1.4317,5.7091,2011,-0.18737,-0.4691,0.3611,"g12",0.47645,0.1686,-0.60121,-0.17648,-0.32962,-0.36306,-0.62436,-0.27013,0.026571,2,1.4834,0,0,0,1.3647,2.2687,0.5979,"pois",0,0.23035
4.0696,8.647,2011,-0.037681,-0.44161,0.15476,"g20",0.70135,1.764,0.77314,-0.30552,-0.082844,0.14428,-0.28071,-0.33793,-0.020202,5,0.41042,0,9.5014,1.9154,0,0,1.8344,"gauss",1.0877,0.034139
1.4196,6.4208,2011,-0.36238,-0.10487,-0.24274,"g05",-0.45835,-0.26825,0.28935,0.23077,-0.12384,-0.17391,-0.40784,-0.089183,0.28835,0,2.0374,0.41748,3.5917,1.918,0.64493,2.5028,1.5558,"pois",1,0.23838
8.173,7.9609,2011,-0.60637,-0.89268,-0.418,"g14",-0.47845,-0.16702,-0.31099,0.52795,-0.63745,0.53156,-0.70625,-0.77629,0.15357,2,3.5728,1.1498,0,0,1.464,0,2.7135,"gauss",0.95485,-0.085461
0.73894,4.9706,2011,-0.26897,-0.80458,-0.060732,"g15",1.395,0.066174,-0.016613,0.28699,-0.19642,-0.032326,-0.38261,-0.33664,0.34402,2,0.84588,0.80871,8.9782,0,0.83009,0.57281,0.62279,"pois",1,0.54994
9.7552,7.6841,2011,-0.97684,-0.036248,-0.45684,"g13",0.38252,-0.48128,0.05841,0.12841,-0.16098,-0.86501,0.2938,0.20998,0.94236,1,0.52131,0,0,0,1.6992,0,1.8417,"gauss",0.7648,-0.5032
6.9265,1.1417,2011,1.1854,0.036844,-0.013124,"g18",3.7673,1.021,1.4427,2.9247,1.9628,2.6535,2.4303,2.0573,2.9805,12,10.939,6.6818,1.8503,5.9559,7.3811,0,10.414,"pois",15,1.56
6.8406,7.5388,2011,-0.18325,0.21833,0.1622,"g13",0.18693,0.34367,1.3095,0.71401,0.68943,-0.80298,0.94244,0.2153,1.4403,0,2.5074,0,0,2.3695,3.2492,3.3434,5.002,"gauss",0.86011,0.25836
5.8076,4.7953,2011,0.64873,-0.12581,0.14274,"g08",0.095824,0.41859,0.50377,1.0333,0.094935,0.20132,0.45151,0.12337,0.70309,3,1.005,0,0,0,0,17.403,0,"pois",1,0.95563
7.3076,8.3114,2011,-0.40207,-0.29662,0.45692,"g12",0.044152,0.33051,0.78397,0.90158,0.051177,0.51062,0.28891,-0.13627,0.53177,4,1.9006,9.5119,0,0,3.1004,8.762,0,"gauss",1.1816,0.32653
9.0692,9.317,2011,-0.94587,0.89829,0.16754,"g16",0.77972,-0.3812,-0.28984,0.67341,1.4572,0.046038,1.4895,1.2189,2.0837,0,1.2153,0,3.6286,1.8735,0,0,0,"pois",2,-0.73374
9.6568,5.0499,2011,-0.37657,0.6666,-0.12289,"g13",-1.1961,-0.25555,0.7392,-1.0287,-0.69705,-1.7967,0.21736,0.44074,0.31565,1,0.46771,0,0,0.46265,1.6859,0,1.6958,"gauss",-0.47458,0.19225
7.6784,6.8526,2011,-0.28248,-0.045496,0.30555,"g04",1.5997,0.15359,1.0647,1.5987,0.87856,0.66837,0.9259,1.2767,1.4889,4,1.8332,5.8416,3.5407,1.3636,0,0,2.6689,"pois",0,-0.060374
4.8078,5.3809,2011,0.58151,0.56969,0.32276,"g16",0.32588,0.26021,-0.41172,0.021076,0.0028947,0.59142,0.66925,-0.055099,0.72413,0,1.488,0,0,8.1937,0,5.0093,3.3341,"gauss",0.39131,0.97707
0.38117,5.906,2011,-0.65581,0.66478,-0.50278,"g01",0.16278,0.11783,-0.70512,-0.76084,-0.31961,0.17244,0.71864,0.32116,1.4271,0,0.71503,0,0,1.0248,1.0609,0,1.8924,"pois",0,-0.041978
7.1625,1.7444,2011,1.0507,0.24486,0.31665,"g08",3.3777,1.5744,1.3832,3.0776,2.3589,1.5498,2.2118,1.8847,3.3273,11,18.882,8.1271,1.6853,0,0,0,10.549,"gauss",2.8942,1.8017
9.0491,7.2654,2011,-0.74276,0.059757,0.13344,"g13",-0.57863,-0.77772,-0.29685,-0.27715,-0.22586,-1.5616,0.37253,-0.26521,0.34539,2,1.1306,0,0,3.9347,0,7.8105,6.4247,"pois",1,-0.13048
9.2936,9.4068,2011,-1.0028,-0.77919,0.46791,"g15",1.0115,-0.73357,-0.0099894,1.4759,-0.23239,0.68349,0.19402,0.10655,1.0047,0,2.4779,0,0,0,1.9996,0,0,"gauss",0.94368,-0.67959
0.5417,2.2165,2011,0.31097,-0.58012,-0.095086,"g17",0.11198,-0.47618,0.17559,0.84917,-0.21404,-0.16726,-0.33122,-0.74028,-0.26115,1,0.95229,2.7742,0.89611,0,1.7931,0,1.1623,"pois",0,0.66346
6.8961,3.0732,2011,0.86584,0.44199,0.34558,"g12",1.4434,1.5696,0.92256,1.5089,0.95794,0.53779,1.8652,1.2658,2.0628,10,2.3557,0,0,4.8855,0,8.4667,2.3715,"gauss",1.7165,1.6291
2.4174,9.857,2011,-0.38,-0.19465,-0.084787,"g08",0.26707,-0.37466,1.7617,-0.091209,0.26338,-0.34656,-0.27565,-0.12439,0.23025,1,0.44985,7.46,8.5095,0,2.5344,7.3719,3.1599,"pois",0,0.068782
4.7041,3.0544,2011,1.1798,0.60853,-0.43997,"g16",0.26528,0.69616,0.33053,0.56967,-0.14835,0.34938,0.71198,-0.030042,1.0281,1,0.72613,1.8183,3.1978,1.4487,1.1316,3.6004,1.5672,"gauss",0.60548,1.8177
7.7926,3.8663,2011,0.43143,-0.69413,0.1884,"g16",1.9328,0.11341,1.7744,1.6936,0.042453,1.4498,0.70853,0.54639,0.6832,5,3.2632,0,1.1421,2.5174,0.83624,2.7142,6.5038,"pois",2,1.1039
1.6375,3.5418,2011,0.45479,0.95865,0.088551,"g02",0.47339,-0.14533,-0.39146,1.3564,0.40264,0.92196,1.3401,0.9369,1.8076,3,2.6209,4.9689,3.2285,0,5.5798,9.5532,2.4788,"gauss",0.97795,1.3328
8.0064,4.2751,2011,0.26407,0.7299,0.43782,"g06",0.32324,0.095679,1.7653,0.42194,0.60011,0.64311,1.5947,0.83519,2.0586,0,1.7394,2.9663,0.65085,2.7962,0,2.2386,4.8555,"pois",1,1.0523
8.7443,7.139,2012,-0.78316,-0.55548,-0.025929,"g13",0.0026224,-1.1257,0.093377,-0.27464,-0.38797,-0.88725,-1.0777,-0.5912,-0.54677,3,0.18738,0,0,0,0,4.7867,0,"gauss",-0.15337,0.078366
8.4348,2.7079,2012,0.39347,0.37811,0.19116,"g17",2.5214,1.6863,0.36076,1.5426,1.7339,2.1655,2.1482,1.8295,2.6691,9,5.0611,1.8609,0,0,0.55046,0,1.6626,"pois",10,1.3192
0.63093,9.3928,2012,-0.79715,0.17419,0.38744,"g13",-0.14066,0.080343,0.77893,-0.08612,0.056112,-1.1016,-0.041666,0.14805,0.56012,2,0.81317,2.9526,8.992,1.3697,6.336,6.2925,0,"gauss",-0.10827,-0.36262
7.0471,3.4495,2012,0.69157,-0.50899,0.33234,"g12",1.1613,1.3023,0.2627,1.6579,0.65188,0.50147,0.27002,0.5543,0.69453,7,4.7303,4.994,0,3.7581,0,5.2824,5.3381,"pois",3,1.2524
1.9095,2.3415,2012,1.0381,-0.26525,-0.36132,"g17",1.4158,0.86412,0.15074,1.7688,0.18782,1.4731,0.016671,0.14138,0.8489,1,2.0777,1.9384,0.40014,0,0,1.9806,1.3747,"gauss",1.7687,1.3475
7.8958,2.2462,2012,0.6674,0.28212,0.24386,"g19",2.5867,1.7361,0.59962,2.406,2.5115,1.6833,3.279,2.4312,3.0377,7,6.9953,3.7154,3.9568,0,6.1806,1.8459,2.3286,"pois",11,1.4211
4.7917,3.6791,2012,1.1198,-0.62174,0.02845,"g20",0.64515,1.5249,-0.10835,1.2355,-0.24212,-0.46286,-0.6771,-1.2906,-0.79932,6,0.96472,2.0075,0,0,0,0.71112,2.0292,"gauss",1.1653,1.592
8.6684,2.6818,2012,0.32145,0.79731,0.11714,"g07",1.651,1.1435,0.82789,1.7116,1.1693,2.7134,2.29,1.6218,2.5325,8,5.031,1.0474,3.78,0,2.572,0.77057,1.4147,"pois",11,1.2224
0.022367,3.739,2012,0.014001,-0.56074,0.45198,"g16",-0.27336,-0.56359,0.045505,-0.71842,-0.05142,0.30974,-0.94356,-0.85849,-0.66058,4,0.39389,0,13.276,8.0474,4.6539,0,0,"gauss",-0.061787,0.39289
5.4012,6.6752,2012,0.28957,0.45282,0.13787,"g13",1.1618,-0.29201,-0.14301,0.87757,0.65455,-0.98175,1.7103,1.244,1.6026,11,0.96654,1.2371,0,1.7187,0,1.9221,1.5108,"pois",1,0.89558
0.34351,0.28217,2012,0.68436,-0.45728,0.034083,"g20",0.63606,-0.13138,0.86908,0.91817,0.053725,0.17083,-0.49385,0.30318,0.51569,0,1.2844,0.80372,0,0,2.6391,0,0,"gauss",1.4957,1.4347
7.1731,8.3212,2012,-0.42231,0.5178,0.033969,"g04",1.5577,0.7545,2.1969,0.75842,1.1022,0.49347,2.0582,1.1666,1.8784,4,0.2949,0,0,1.5127,0,0,2.1385,"pois",3,-0.06881
7.7301,7.7482,2012,-0.5403,-0.79889,0.077841,"g15",1.2549,0.41959,1.0607,1.2287,0.41599,-0.011775,-0.12917,-0.61444,0.4248,1,2.6438,2.1856,0.88818,0,0,1.8833,0,"gauss",1.1509,0.034494
9.6152,0.26178,2012,0.3343,-0.053137,-0.21915,"g01",2.1138,-0.63939,0.43859,2.1461,1.2146,1.6598,1.0382,1.0029,1.6485,0,5.9712,0.92788,0,0,0.87835,1.0241,2.6088,"pois",4,1.063
0.63445,5.1936,2012,-0.12357,0.14953,-0.053864,"g06",1.6657,0.39558,-0.15097,0.94442,1.0225,0.36807,0.55991,1.0046,1.6062,2,1.2314,1.5462,0,1.4203,3.5115,0,0,"gauss",0.88128,0.43896
3.5518,2.5384,2012,1.3613,-0.27561,0.29786,"g04",1.2278,0.66227,0.76936,1.2729,-0.05393,1.2399,-0.13936,0.16813,0.12391,17,1.907,2.2202,0.37124,2.6843,0,4.9764,0,"pois",1,1.9186
8.9497,8.0877,2012,-0.99166,-0.068389,0.18015,"g13",-0.28255,-0.15189,0.29902,-0.33285,0.33654,-0.18099,-0.23793,-0.082678,0.92235,0,1.7155,0,0,0,0,0,3.1911,"gauss",0.54696,-0.75063
3.4532,6.7396,2012,0.31924,-0.15824,0.043145,"g20",0.066849,0.96727,0.27599,-0.51808,-0.31739,-0.46121,-0.58008,-0.53985,0.055048,0,1.0945,4.2442,4.4202,2.6792,3.9892,1.6133,14.504,"pois",0,0.61306
0.95089,7.1149,2012,-0.44607,0.5337,-0.41202,"g01",0.050234,-0.24315,-0.30288,0.17981,0.58956,0.80218,1.3587,0.92824,1.9851,0,2.6405,1.887,0,2.1399,0.56738,0.74201,0,"gauss",0.67985,-0.097106
1.3554,2.8434,2012,0.74696,-0.30062,-0.47276,"g16",0.19444,-0.088506,0.008293,1.7618,-0.3535,0.57977,-0.18508,0.2879,0.38778,4,3.0945,0,2.4943,0.8807,1.4766,1.2609,0,"pois",1,1.2924
6.6019,8.6847,2012,-0.27571,0.98649,0.37442,"g18",1.1455,1.0188,1.6388,1.3925,1.2173,0.16135,0.97531,0.64273,1.7361,2,1.3034,0,0,4.6889,0,0,1.8435,"gauss",1.2731,0.45354
1.2486,2.0727,2012,0.85754,0.91278,0.41301,"g18",0.47305,-0.16446,0.47582,1.1008,1.3011,0.86819,1.4606,0.77841,2.0957,6,2.7972,2.2781,1.6741,3.1373,4.4267,0,1.7889,"pois",0,1.305
8.7611,4.8628,2012,-0.2499,0.8317,0.036953,"g15",-0.35947,-0.50008,1.1271,-0.78566,0.37386,-0.7134,0.62067,-0.070934,1.4986,1,0.90133,0,1.1184,1.7886,0,0,2.9642,"gauss",0.23483,0.12329
8.4437,5.1304,2012,-0.21628,-0.46704,0.16573,"g02",0.10669,-0.47844,0.88362,0.12797,-0.35139,0.16829,-1.0265,-0.57885,-0.366,1,0.69864,9.8283,1.8771,0,5.6604,0,2.5419,"pois",1,0.26171
5.92,9.0983,2012,-0.11923,-0.73066,0.11554,"g04",0.8618,1.011,1.6281,0.54481,-0.42188,0.45723,-0.50882,0.10762,0.32996,3,1.0034,0,0.9952,1.6063,0,0,0.69853,"gauss",0.50591,0.3441
4.5379,7.226,2012,0.27006,-0.86343,0.19804,"g14",1.5096,0.6366,0.34256,-0.068328,0.019224,0.46777,-0.98908,-0.9101,-0.37113,0,2.395,4.2972,2.788,1.9103,5.5348,0,7.3885,"pois",1,0.40002
6.6827,2.0923,2012,1.0897,0.53201,-0.29338,"g02",2.1379,0.99158,1.2364,2.1141,1.7425,1.707,2.0669,1.2526,2.8879,10,10.012,1.9278,0,2.8247,4.5122,5.4544,6.5684,"gauss",2.3254,1.8704
7.1014,4.952,2012,0.28346,0.078837,-0.21621,"g10",1.1221,0.030634,-0.36583,1.054,0.60833,0.1446,0.79218,0.72366,1.7474,1,4.9854,0,0,3.5925,0,10.669,0,"pois",2,0.94143
1.2527,1.8651,2012,0.89285,-0.30041,0.36248,"g08",0.73184,0.84496,0.74714,1.8398,0.60592,1.0941,0.18761,0.28161,1.118,9,3.886,1.8662,0.7772,0,2.8694,0,1.5492,"gauss",1.759,1.5653
8.5365,9.1374,2012,-0.93246,-0.96989,0.45282,"g14",0.62709,0.23662,0.62916,0.2165,-0.11273,0.36283,0.13377,-0.93337,0.32717,3,0.48108,0,0,1.9151,3.848,0,0,"pois",1,-0.54807
1.4145,1.7218,2012,0.9734,-0.61035,0.028659,"g09",1.1834,0.56491,1.3923,2.142,0.88939,0.6996,-0.45204,0.17377,0.26743,1,1.3186,3.7848,0.4628,0,1.6241,1.6514,0.93204,"gauss",1.9079,1.9733
4.2947,2.9075,2012,1.3228,0.41097,0.32016,"g04",0.78309,0.29131,0.96482,0.74155,0.52124,0.45426,1.4961,0.27305,1.2654,11,1.7925,2.1481,0,0,0,0,4.5743,"pois",2,1.8423
5.6003,2.9305,2012,1.1895,-0.35739,0.32825,"g08",1.0001,0.9641,1.1566,1.7101,0.34591,-0.1089,-0.79248,0.04609,-0.033205,1,2.8304,0,5.756,5.6797,0,8.2815,5.8742,"gauss",1.0532,1.8295
7.4887,3.0247,2012,0.64647,0.93678,-0.058635,"g10",2.7129,1.6299,0.47787,2.0839,2.6291,0.66556,2.7146,1.6391,2.8888,3,8.4515,9.3908,0,3.3629,4.5853,9.6163,6.2064,"pois",6,1.3896
6.975,1.7348,2012,1.0574,-0.015009,0.40831,"g19",3.2957,1.7027,0.73561,3.7404,2.4088,1.3393,1.7741,1.6738,2.384,24,14.043,3.676,2.7028,0,0,7.4096,3.7413,"gauss",2.8613,1.8369
5.5084,3.4787,2012,1.0782,-0.57808,0.31441,"g13",0.94564,1.5092,0.39131,1.3514,-0.22063,-0.93172,-0.94712,-1.0535,-0.049874,0,2.104,31.737,4.6363,2.0263,5.8214,0,10.633,"pois",2,2.1034
5.1811,7.1304,2012,0.23156,-0.11594,0.20866,"g04",1.2712,0.23341,0.58343,0.62387,1.0449,0.88259,0.2599,0.67361,0.8756,6,2.4231,3.0494,0,1.9728,3.2542,1.6694,3.0847,"gauss",1.2592,0.54247
8.5631,7.1737,2012,-0.7301,0.79155,0.13137,"g01",0.47674,-0.53509,0.14971,-0.41256,-0.07488,-0.10764,0.80453,0.46342,1.156,2,0.7515,7.0783,0,0,9.2361,6.8666,3.1564,"pois",0,-0.02976
1.3543,3.6458,2012,0.55827,0.92563,0.01221,"g11",0.13862,-0.017904,-0.39262,0.97817,0.86067,-0.44541,0.96222,0.24234,1.0107,1,1.0204,0.52373,4.2869,2.3794,4.2469,1.8706,3.3661,"gauss",0.46318,1.4097
8.1313,9.3055,2012,-0.79863,0.73287,0.30883,"g09",1.0882,0.39052,1.1489,0.40143,1.7308,0.023511,1.5447,1.1199,1.8679,0,1.7649,0,4.0662,1.8009,0,1.5077,1.1087,"pois",1,-0.3711
5.5568,8.208,2012,0.014686,-0.11306,-0.22815,"g07",1.1971,1.3252,1.4782,1.2348,1.2144,2.1412,0.25618,0.45106,0.5927,2,1.907,0,0.43048,1.9523,0.99627,0,1.007,"gauss",1.341,0.81019
1.8841,6.4321,2012,0.027629,-0.055914,0.31648,"g02",-0.61692,0.17255,-0.40692,0.24702,0.14882,0.31571,0.16654,-0.017465,0.35321,0,1.1801,2.1833,20.911,2.0337,0.59001,1.9509,1.7599,"pois",0,0.18013
4.3805,3.6452,2012,1.1477,0.083539,0.20044,"g17",0.060931,0.80246,0.19904,0.50018,0.094811,0.43733,-0.31116,-0.42711,0.46774,2,1.1226,0.67418,0,1.669,2.3441,0,0,"gauss",1.1418,1.9536
4.6558,8.7144,2012,0.081203,0.50365,-0.45783,"g12",0.070547,1.9978,1.1533,0.22054,0.14607,-0.20782,1.0031,-0.23318,0.99066,1,1.2384,0.96993,1.2581,2.7253,1.6524,0,6.0088,"pois",0,0.5694
1.0357,3.5556,2012,0.46173,-0.66385,0.38918,"g04",0.092799,0.24212,-0.23931,0.80389,-0.35429,-0.29391,-1.0159,-0.88589,-0.71969,3,0.28157,0,8.4867,0,1.1306,2.8421,0,"gauss",0.055754,0.87484
3.7427,6.6999,2012,0.35689,0.72545,0.041995,"g15",0.70133,0.94506,0.3097,-0.32428,0.038544,-0.49551,0.99524,-0.063633,1.2964,0,0.84417,1.7677,1.0015,8.5773,7.0498,0,43.55,"pois",0,0.96803
2.8037,8.5592,2012,-0.057261,0.57143,-0.37579,"g09",-0.40271,1.5758,1.2695,0.27477,0.55378,-0.69931,1.0405,0.13365,1.4507,0,0.46492,2.199,2.6939,2.7671,4.5827,0,2.9703,"gauss",0.67911,0.13775
5.8289,5.8323,2012,0.40421,0.20809,0.4645,"g13",0.93973,-0.31253,0.26798,0.47092,0.58278,0.059113,0.93902,0.64344,1.7476,2,1.5621,8.0311,3.8251,0,5.1958,2.6567,1.7758,"pois",1,0.83859
4.5472,3.0251,2012,1.2909,0.26312,0.18522,"g10",1.2036,0.92043,0.78779,1.5713,0.23883,-0.77661,0.59517,0.52321,1.0749,4,0.85872,4.5328,0,0,3.6185,0,4.6928,"gauss",1.0279,1.6111
4.2019,4.8306,2012,0.83816,0.49285,0.27056,"g14",0.39385,0.57465,0.44478,0.6734,0.53807,1.5336,1.8756,0.4567,1.2698,1,1.1467,0,0,3.881,6.2957,0,7.7974,"pois",1,1.305
6.5254,6.2078,2012,0.13942,0.61267,0.099504,"g19",1.3548,-0.21301,0.92771,0.66531,1.0901,0.087241,2.2351,1.0642,2.19,9,1.6327,8.7517,1.8378,5.6454,0,1.2153,8.9803,"gauss",1.7963,1.0114
4.239,4.0383,2012,1.0482,-0.83011,0.24627,"g04",0.72548,0.95167,0.34787,1.2667,-0.6488,0.42077,-0.69042,-0.83203,0.0040513,2,0.71127,0,0,1.4033,3.777,0,1.9763,"pois",1,1.3648
2.3225,3.8846,2012,0.80994,0.48368,-0.15598,"g06",0.65479,0.073187,-0.54803,0.55002,0.39937,0.68526,1.1541,0.40176,0.86896,3,1.1413,5.4337,1.7311,0,3.8011,1.6668,4.6587,"gauss",0.79802,1.1863
9.7096,9.0585,2012,-1.2811,-0.80416,0.43797,"g13",1.6421,-0.83032,-0.29223,0.37133,1.022,-0.1639,0.17764,0.09947,0.709,1,0.86558,0,0,0,0,0,1.7343,"pois",0,-0.78284
1.3127,2.88,2012,0.72346,-0.7818,0.31789,"g12",0.56814,0.48304,-0.40487,1.1416,-0.038076,0.097397,-0.6969,-1.1263,-0.80961,3,3.4134,0.75282,1.9727,1.6216,2.2839,7.5268,0,"gauss",1.2869,1.5225
1.1724,5.5379,2012,-0.004733,0.1395,0.092856,"g12",0.96291,0.31663,0.16457,0.35318,0.73545,0.10299,1.1624,0.33497,1.1507,1,0.42907,0,9.5821,0.7482,1.0833,2.5054,0,"pois",2,0.84407
0.60732,2.8068,2012,0.46809,-0.62837,0.37088,"g06",-0.1441,-0.33428,0.025359,0.55524,-0.55567,0.082835,-1.1249,-1.0247,-0.54783,3,0.54372,0,2.273,2.1193,5.5005,0,1.6595,"gauss",0.77275,0.91589
5.2129,0.69434,2012,1.5832,0.9175,0.4074,"g16",1.4514,1.8326,1.6152,2.7082,1.9034,1.416,1.5286,0.52103,1.9675,7,3.5675,0.82363,10.152,4.7923,3.6719,0,4.5698,"pois",2,2.3593
9.4086,5.2547,2012,-0.55032,-0.56133,-0.25984,"g07",-1.0429,-0.28604,0.40647,-0.37707,-0.42967,0.3288,-1.5108,-1.1331,-0.53921,0,0.9011,2.2438,0,0,1.0405,0.67735,1.1478,"gauss",-0.14677,0.36982
1.1599,3.1548,2012,0.60488,-0.83282,0.29304,"g08",0.36568,0.21595,-0.60635,0.90801,-0.40226,0.39657,-1.0286,-0.96058,0.12372,4,2.739,2.4283,0,2.4758,6.7072,3.6272,0,"pois",0,1.7103
0.37975,0.5493,2012,0.68907,-0.96889,-0.20085,"g20",0.68566,0.41859,0.43952,0.48409,-0.22186,0.13276,-0.41677,-0.86148,0.10326,0,0.74206,0,0,0,0,0,0,"gauss",1.0711,1.2335
7.5039,7.3278,2012,-0.39769,0.32335,-0.0179,"g07",1.1381,-0.22829,1.266,0.5541,1.3298,1.7522,2.4483,1.6881,2.5068,1,1.1586,3.5729,0,1.7561,0,2.9914,0,"pois",5,0.3056
5.7512,4.2524,2012,0.83443,-0.99364,0.25561,"g19",1.0102,1.2723,0.34753,1.4748,0.15206,0.26981,-0.29881,-0.3766,0.5642,5,1.3934,12.416,0,0,7.2424,0,0,"gauss",0.91055,1.457
0.19421,3.4902,2012,0.14488,0.71136,0.17486,"g11",-0.35898,-0.2592,-0.2988,-0.75863,-0.015925,-0.23826,0.49451,-0.20493,0.77158,2,0.43212,0,4.6013,0,0,9.6443,1.6021,"pois",1,0.61628
6.6369,8.5288,2012,-0.27467,-0.62095,-0.14228,"g01",1.2361,0.15727,1.7683,0.64986,0.50258,1.0688,-0.0054702,0.013522,0.43705,2,1.7665,1.5351,0,0,7.4309,1.4862,0,"gauss",1.1567,0.078945
0.58212,5.5554,2012,-0.23847,0.99849,0.34161,"g12",0.64239,-0.011814,-0.2589,0.094239,0.76066,-0.28913,0.76965,0.53114,1.5217,0,0.71934,0,0,1.8613,5.2089,0,1.809,"pois",0,0.75852
5.5051,4.2456,2012,0.88294,-0.88974,0.45044,"g10",0.97276,1.2544,-0.2721,1.2514,0.053598,-0.83047,-0.66711,-0.53956,-0.45643,1,3.4805,0,1.2745,0,9.2033,0,2.8508,"gauss",1.2902,1.4111
5.4248,9.2308,2012,-0.025732,-0.45905,-0.34273,"g08",0.7478,1.2422,1.2489,0.40082,0.13379,0.35434,-0.51232,-0.053482,0.99693,0,2.8097,0,0,0,0.26926,0,0.39616,"pois",0,0.24546
3.3503,2.6816,2012,1.3073,0.39825,-0.09467,"g09",1.0248,1.1349,0.30522,1.3356,0.38251,0.15576,0.40316,0.34425,1.0776,7,1.0676,0.25922,0.72147,1.8527,1.0455,0,1.2012,"gauss",1.5689,1.9937
8.3399,4.964,2012,-0.13722,0.34321,-0.24578,"g11",0.22583,0.44997,1.1361,0.46634,0.21599,0.65634,0.7032,0.76151,1.0982,0,1.0223,2.7395,1.0717,0,1.5959,1.5337,2.1839,"pois",0,0.19184
3.4971,8.9743,2012,0.033862,0.36825,0.42462,"g12",1.0234,1.2527,0.97309,0.36603,0.82792,0.043213,1.1447,0.48104,1.6202,3,1.9108,0,1.1787,2.2569,0,3.5183,1.2436,"gauss",0.7329,0.51298
0.21373,9.4672,2012,-0.96417,-0.36459,0.29402,"g14",-1.0552,0.42019,1.4709,-0.044196,-0.061706,-0.68301,-1.2935,-0.4397,-0.51267,0,0.64449,8.9516,0,0,2.1591,0,0.76812,"pois",0,-0.63009
9.9176,4.9037,2012,-0.58866,-0.39622,0.047392,"g16",-1.0745,-0.041297,0.8272,-0.77774,-0.63291,-1.0768,-0.93793,-0.70901,-0.84814,0,0.5108,1.1011,0,1.4045,0,1.8947,0,"gauss",-0.020988,0.10801
3.2541,9.7134,2012,-0.0040429,-0.93436,0.40894,"g19",0.63669,0.25358,1.9488,0.27754,0.41036,-0.54441,0.027638,-0.39822,-0.1469,0,2.4579,0,7.6994,0,2.4729,0,0.86289,"pois",1,0.33832
0.45901,9.718,2012,-0.86196,0.021415,-0.075197,"g07",-1.0345,0.52582,1.1889,-0.79298,-0.050939,0.65809,-0.0043958,-0.15306,0.37464,0,0.61224,0,0,0.92703,0,0,1.1514,"gauss",-0.6245,-0.66397
8.4883,8.1647,2012,-0.85053,-0.055614,-0.18322,"g05",0.48638,0.065435,1.0062,0.82677,1.007,0.21219,0.36557,0.72763,0.72466,0,0.55091,0,0,2.4864,0,0,1.6217,"pois",0,-0.10023
7.1423,9.9381,2012,-0.45418,-0.021732,0.31354,"g20",-0.31086,0.84177,0.98676,0.045927,1.0526,-0.2527,0.32166,0.33091,0.80596,0,0.66436,2.8208,0,3.6738,5.8879,0,1.7939,"gauss",0.58854,-0.12643
8.9931,6.8581,2012,-0.80798,-0.98086,0.21546,"g05",-0.15116,-1.202,-1.4716,-0.4835,-1.2276,-0.92603,-1.3684,-1.9481,-0.47565,1,0.52976,0,0,0,10.178,0,3.3016,"pois",0,-0.50049
9.6543,5.9812,2012,-0.8012,0.55027,-0.24733,"g14",-1.339,-0.69444,-0.65421,-0.64556,0.23436,-1.1139,0.36043,-0.10731,0.41182,1,0.61898,0,0.54534,0,0,0,0.95725,"gauss",-0.061282,-0.08754
9.1384,3.8638,2012,-0.10449,0.57483,0.29185,"g16",-0.22377,0.00026545,1.2724,0.78562,0.65274,0.60358,1.1068,0.25617,1.2189,3,0.92494,1.5941,0.81013,1.422,0,0,1.5329,"pois",3,0.58077
8.056,1.118,2012,0.77159,-0.72971,0.24911,"g04",3.1977,0.70931,2.3413,2.6333,1.9008,2.2155,1.1054,0.88484,1.2119,21,8.8216,2.641,1.0568,2.4503,1.5728,0,1.3156,"gauss",2.9343,1.6045
8.0527,5.094,2012,-0.07388,0.7646,0.1737,"g14",-0.015788,-0.49427,1.0843,0.59883,1.4023,0.62198,1.1129,0.63704,1.4316,0,0.34838,3.8421,1.3052,5.21,0,0,8.551,"pois",1,0.365
6.5284,4.4536,2012,0.58998,0.43885,0.44019,"g05",1.6085,0.62252,0.17498,1.8681,1.3183,-0.0071115,1.796,1.098,2.014,7,2.0399,15.555,1.0808,29.112,9.3812,57.926,20.7,"gauss",1.827,1.5439
3.069,8.1928,2012,0.028239,0.49311,0.077183,"g16",0.46071,1.7519,1.0486,0.27709,0.15707,-0.11421,1.0522,0.062275,1.3259,1,1.8001,2.5754,0,0,5.3329,0,4.6486,"pois",0,0.64454
2.4151,6.5702,2012,0.15249,-0.52651,0.33527,"g10",-0.11634,0.2341,-0.16875,0.38615,-0.31341,-1.4995,-1.0938,-0.97959,-0.31139,0,1.206,2.0781,5.1856,13.09,4.2283,13.89,11.96,"gauss",0.2058,0.47623
6.184,3.1931,2012,1.0013,-0.27652,-0.42671,"g06",0.88053,1.9154,0.79549,0.77475,0.50463,1.4615,0.18298,0.36006,0.22864,0,3.5875,3.1855,0.22683,3.3095,2.5339,2.4674,3.9673,"pois",1,1.6889
9.187,1.7402,2012,0.32681,0.94087,-0.22015,"g13",1.8543,1.1239,1.5917,1.9233,2.4969,0.45989,3.2441,2.0082,2.702,5,6.488,3.9997,0,0,4.5497,2.1844,5.3519,"gauss",2.5094,0.81976
3.7063,8.0547,2012,0.12796,-0.37019,-0.10924,"g05",1.1101,2.2131,1.2358,0.12518,-0.19659,-0.25271,-0.041773,-0.5405,-0.3672,0,0.94555,0,0,2.2639,2.2766,1.9895,7.8811,"pois",2,0.71798
3.2274,4.8919,2012,0.7403,0.63166,0.055099,"g05",0.50834,0.67422,-0.56261,0.75139,0.34855,-0.18131,1.5308,0.38248,1.3536,0,0.79175,1.6643,0,0,4.8278,0,9.9171,"gauss",0.71642,1.194
0.51007,6.6414,2012,-0.52503,0.92183,-0.29454,"g07",0.40424,-0.78941,-0.24957,0.4107,0.64008,0.7525,0.85485,0.20418,1.1886,0,0.87912,1.0798,0,1.1652,0,0.51655,0.63904,"pois",1,-0.20676
2.3226,7.5648,2012,-0.059073,-0.18854,0.34904,"g20",0.36212,0.1596,-0.13372,0.75465,0.78577,-0.16682,0.12366,0.37563,0.21703,1,0.84374,0,1.6903,1.097,4.286,0,1.3735,"gauss",0.73893,0.22121
5.417,3.8579,2012,0.99866,0.92478,-0.28029,"g10",1.5387,1.9805,0.35092,0.76905,0.74744,-0.47116,0.87012,0.27431,1.2279,0,2.9184,15.23,0,0,4.2256,0,31.66,"pois",1,1.4805
3.3755,5.1061,2012,0.70495,0.45806,-0.36887,"g20",0.88417,0.22862,-0.49657,0.40944,1.1774,0.033839,1.1154,0.49305,1.6844,1,2.042,0.81516,0,4.5395,2.3678,2.3397,9.1003,"gauss",1.1515,1.211
5.0002,2.3435,2012,1.3985,0.8935,0.37652,"g05",2.0352,0.71924,0.91275,1.8248,0.83844,0.11215,0.84328,0.43527,1.7775,3,1.2337,13.389,0,10.499,0,0,2.6608,"pois",3,2.0059
9.7997,5.588,2012,-0.7397,0.82364,0.15802,"g11",-1.6068,-0.33922,0.33973,-1.4531,0.047113,-1.187,-0.28373,-0.17393,0.74592,0,0.092625,2.2822,0.26951,0,0,0,0,"gauss",-0.72919,-0.27521
3.6223,7.934,2012,0.13503,-0.288,0.36683,"g06",1.0092,1.5751,0.86259,-0.70735,-0.41601,-0.1824,-0.55324,-0.44131,-0.041065,1,0.84836,4.231,0,0,1.4435,4.4915,9.0276,"pois",2,0.40735
1.2876,7.9161,2012,-0.44554,-0.017139,0.081061,"g17",0.68939,0.067638,1.2126,0.99959,0.91666,0.465,0.69643,0.93793,1.4612,2,0.37588,1.4034,0,0,1.7648,0.91578,0.44634,"gauss",1.9662,0.21495
4.0477,0.94251,2012,1.6271,-0.3073,0.44801,"g14",2.7698,1.2698,1.9906,2.2361,0.77569,2.6831,-0.0091902,0.056406,0.8158,0,2.9362,0,5.9835,0,3.2227,0,3.2364,"pois",7,2.3211
6.1298,9.5465,2012,-0.17265,-0.56744,0.02098,"g18",-0.32972,1.0809,2.0153,0.39045,-0.086148,0.48271,-0.34362,-0.06074,0.67421,2,2.295,3.4233,4.8078,0,0,0,0,"gauss",1.0856,0.24476
3.328,7.0199,2012,0.24665,-0.91728,0.19419,"g18",0.0071096,0.93261,-0.28633,-0.91899,-0.32471,-0.38807,-1.2969,-1.2776,-0.45685,3,0.84872,3.7239,3.1001,3.8693,0,1.6533,7.9095,"pois",2,0.65135
3.061,9.5913,2013,0.14183,-0.18096,-0.40788,"g11",0.67091,0.77971,1.0408,0.96491,0.73919,0.57213,-0.18059,0.98285,0.54313,1,2.0038,1.0748,6.805,0,0,1.6547,0,"gauss",1.2385,0.57018
0.62034,1.2756,2013,0.97436,0.91722,-0.086201,"g07",0.36418,0.40901,0.13393,0.81254,0.24369,2.3498,0.52363,0.17114,1.0306,0,0.50452,5.3014,1.8477,0,0.63088,0,0,"pois",4,1.4753
3.8597,3.3064,2013,1.361,-0.25403,0.28212,"g13",-0.01066,0.85408,5.0839e-05,0.97519,0.17347,-0.99861,-0.79095,0.15494,0.44499,0,2.6195,0,0.69756,3.0909,1.5417,0.90294,0.95888,"gauss",1.2463,2.2754
7.2942,4.2917,2013,0.33387,-0.079115,0.24145,"g18",0.49229,0.1488,-0.61844,0.35179,1.0073,0.73306,0.97167,0.96032,1.2957,4,0.33966,11.022,0.78587,5.5146,3.5066,5.834,3.5939,"pois",3,1.1079
4.8831,6.4296,2013,0.49442,0.031993,0.42583,"g06",-0.61102,-0.37128,-0.26196,-0.31221,-0.62927,0.18234,-0.23633,0.079437,0.072454,2,0.83051,1.8427,0.46235,3.6529,2.8195,0,8.0461,"gauss",0.30578,1.0695
2.4825,1.4952,2013,1.5403,-0.060503,0.092048,"g19",1.0621,0.41738,1.0843,2.4729,0.92512,-0.23945,0.74215,0.96941,1.8682,13,2.1622,1.9759,0.66803,0,1.0172,0,0.85624,"pois",6,2.1206
0.1414,7.3795,2013,-0.56465,-0.067888,0.46065,"g06",0.21562,-0.81812,-0.43194,0.43549,1.0567,0.46758,0.48911,1.0667,0.851,3,1.5932,0,2.0224,0,1.2589,0,0.64126,"gauss",0.93913,-0.014252
2.2739,3.4343,2013,1.1198,-0.98697,0.10271,"g17",0.016537,1.3142,0.16877,1.596,0.056398,1.1283,-0.33469,-1.0643,0.095768,0,1.6917,3.54,0.64655,2.2401,0,0,3.0204,"pois",1,1.4531
9.0879,7.8597,2013,-1.1674,-0.98622,-0.42369,"g11",-0.70203,-1.0334,-1.1883,0.45925,-0.64711,-1.099,-0.70609,-0.47111,0.43338,1,1.1236,0,0.4636,0,0,0,1.9975,"gauss",0.32004,-0.67594
0.71098,5.7103,2013,0.019351,-0.10807,-0.15634,"g07",0.056128,0.23477,0.42848,0.38486,0.39955,0.90552,-0.086733,-0.32691,0.32408,0,1.3709,2.2284,0,0,1.1499,0,0.93979,"pois",0,0.59127
8.3812,7.2189,2013,-0.80264,-0.78811,-0.32552,"g20",-0.64284,-0.60368,-0.63121,0.04397,-0.026046,0.077381,-1.4285,-0.75659,-0.38383,0,0.3656,0,0,0,0,0,1.6769,"gauss",0.31167,-0.3322
0.83981,8.4933,2013,-0.43211,0.79117,-0.37012,"g13",0.033332,0.23404,0.90049,0.77375,0.85595,-0.61591,2.0528,0.59914,1.4173,0,2.2568,2.1867,0.72423,0,0.62007,1.2002,0,"pois",0,0.34639
2.7108,3.4015,2013,1.2225,0.25358,-0.42598,"g20",0.085126,0.53506,0.29626,1.3521,0.063701,0.0075527,0.63949,0.26955,0.55339,1,1.8193,0.55558,1.0724,0,0,0,3.9649,"gauss",1.3324,1.8196
1.5531,2.2352,2013,1.1701,-0.75181,0.18652,"g06",0.80981,1.4051,-0.53426,2.6714,-0.34842,1.7931,-0.67755,-0.43665,0.34242,8,4.5691,0,0.96538,0.49673,0,2.044,1.8494,"pois",1,1.7279
9.0777,9.588,2013,-1.269,-0.89245,0.42145,"g01",-0.39925,-0.51704,-0.7762,-0.095951,0.42148,0.64332,-0.21329,-0.34206,0.66796,1,1.6835,0,2.1986,0,0,0,1.2203,"gauss",0.47032,-0.74798
9.8526,7.8603,2013,-1.4106,0.30648,-0.46501,"g01",1.0122,-1.2504,-0.60357,0.16289,0.85691,0.72993,1.2118,0.78711,1.8699,2,1.3554,0,0,0,2.3684,0,0,"pois",0,-0.72604
2.3805,2.4279,2013,1.3667,-0.17754,-0.02098,"g06",0.41826,1.142,-0.20353,1.1419,0.378,0.98983,0.23018,0.67184,0.34791,2,2.0118,2.871,0.88959,5.3161,3.1942,0,3.6607,"gauss",1.8181,2.0279
0.45045,7.6007,2013,-0.47742,-0.41178,-0.0024104,"g18",0.75723,0.081606,0.57555,0.9515,1.0546,0.3431,0.020132,0.23085,-0.074475,3,4.3246,0,0.44758,0,0,1.3956,0.24718,"pois",3,0.10437
1.3157,2.5086,2013,1.0385,-0.9986,0.28,"g10",-0.0075975,0.37419,-0.74719,1.3914,0.080402,-0.79114,-0.90269,-1.2178,0.0099654,5,1.77,0.92369,2.3855,2.0815,3.0163,2.1352,1.0238,"gauss",1.1153,1.6874
6.2479,1.0338,2013,1.3521,-0.62809,0.43607,"g11",2.5527,1.2224,1.821,3.316,1.3835,2.6728,0.87767,1.2497,1.9034,17,5.8377,1.9069,2.4124,6.5911,0,5.6535,1.8487,"pois",7,1.7794
8.7349,5.9952,2013,-0.67686,0.13939,0.21377,"g20",-1.2234,-0.46225,0.41584,-0.23614,-0.20123,-0.93024,0.013822,-0.32199,0.6416,0,0.80862,11.853,1.0243,0,0,1.7893,0,"gauss",0.33279,0.075345
6.2242,4.7257,2013,0.60316,0.71824,-0.29589,"g07",0.13392,0.26939,-0.40103,0.48946,0.67263,2.2329,1.8521,1.1246,2.1786,1,1.9956,0,0,2.7016,0,3.1218,9.2715,"pois",4,0.92107
8.9894,2,2013,0.18999,0.037388,-0.24736,"g11",1.8144,0.25106,0.97406,2.0265,1.9611,1.7355,1.9687,1.7323,2.7444,3,8.5974,2.2471,5.288,4.0688,2.1222,1.6799,2.6926,"gauss",2.5812,0.79255
4.4596,7.052,2013,0.41485,0.71544,-0.16533,"g13",-0.81093,0.41392,-0.80853,-0.2931,0.24981,-1.2533,0.80974,0.83448,1.6002,3,1.3093,4.3458,0,4.2155,2.1349,4.0407,12.607,"pois",2,1.0395
4.6592,6.6577,2013,0.47426,-0.51608,0.039029,"g20",-0.41185,-0.14956,-0.97718,-0.28532,-0.78901,-0.84803,-1.7613,-0.94134,-0.30232,3,1.9371,2.266,0.81899,6.4028,0,1.6675,17.252,"gauss",0.734,0.76173
0.65854,3.1935,2013,0.64833,0.87678,-0.047885,"g08",-0.64122,-0.26756,-0.98868,1.0415,-0.30825,-0.84339,0.39448,0.36267,0.93627,0,1.3872,1.1108,4.5928,2.8591,1.4517,0,2.7356,"pois",0,1.3297
0.15331,4.102,2013,0.22293,-0.23474,-0.14433,"g10",0.19082,-0.29303,-1.3131,-0.15135,-0.10338,-0.69521,-0.68491,-0.5681,0.27446,0,1.95,1.523,6.6959,2.6149,1.0729,0.46026,2.3493,"gauss",0.5677,0.76197
6.3003,6.3967,2013,0.15631,0.73797,-0.22156,"g14",1.0885,-0.069002,-0.53692,1.065,1.3007,0.77909,2.4301,1.0304,1.7266,2,3.3659,0,0,0,2.3957,0,5.811,"pois",2,0.55191
4.7047,8.538,2013,0.1867,0.66472,-0.03799,"g16",0.058488,1.0531,-0.16363,-0.074217,-0.029446,0.36797,0.59841,0.024021,1.058,1,1.1411,4.2625,1.4757,0,0,0,4.5722,"gauss",0.92813,0.57258
7.4715,2.011,2013,0.77928,0.42265,-0.32852,"g03",1.1981,1.4901,0.72042,2.5372,2.2911,2.8968,2.7071,2.1982,2.9318,12,4.9087,0,0,2.1761,1.4342,0,4.7459,"pois",7,1.526
9.6891,9.72,2013,-1.466,0.020895,-0.13153,"g12",0.80487,-1.3959,0.22476,0.4897,0.66509,-0.40253,1.3154,0.66861,1.6029,2,1.1373,0,2.4078,2.4869,0,0,0,"gauss",0.81175,-0.67327
6.6891,4.8297,2013,0.41801,-0.19776,-0.022623,"g13",0.37436,0.082349,-0.50804,1.4094,0.88898,-0.51865,0.51765,0.31424,0.85844,1,1.3766,25.179,7.3014,6.779,12.164,27.548,12.131,"pois",1,0.72094
6.8461,3.4338,2013,0.72303,-0.91018,0.15225,"g04",1.1245,1.1689,-0.45728,1.381,0.36272,1.0676,0.029635,-0.063293,0.46673,13,2.9588,6.6583,1.35,0,2.5054,1.9335,4.537,"gauss",1.0195,1.5443
5.0594,7.8299,2013,0.20957,0.43149,0.44112,"g07",0.44001,1.4581,0.4509,0.4813,0.75538,1.649,0.87284,0.67265,1.4174,0,2.3047,0,1.5126,0,1.92,1.0181,1.8525,"pois",2,0.43004
6.6524,9.8499,2013,-0.32966,-0.55615,0.17028,"g19",-0.85236,1.3794,0.44305,0.28185,0.30948,-0.62601,-0.58363,-0.49054,0.0030579,1,1.109,0,0,1.5453,0.96759,1.3565,2.1971,"gauss",0.88169,0.15836
7.027,3.8848,2013,0.54268,-0.85851,-0.30736,"g12",1.1935,0.87355,-0.62145,1.4265,0.49237,0.79873,-0.046706,-0.032449,0.34678,2,1.2975,2.5449,0,0,1.5974,2.9751,3.3314,"pois",2,1.0121
4.6268,6.7107,2013,0.46673,-0.71873,0.10879,"g02",-0.5075,0.34472,-0.96906,-0.2854,-0.46878,0.31244,-1.6369,-1.1964,-0.56279,0,2.0898,3.6069,0,1.9417,1.0695,5.7467,10.533,"gauss",0.25947,0.97959
0.2518,3.474,2013,0.42148,0.22246,0.19985,"g09",-0.17869,-0.30838,-1.029,0.1401,-0.18945,-0.48484,0.60805,-0.28044,0.35488,1,0.57335,1.7984,8.5254,1.5758,0,5.2096,4.3063,"pois",0,1.2531
9.8411,5.8262,2013,-1.004,0.020466,0.43439,"g18",-1.4483,-0.9561,-0.13641,-0.88606,-0.85505,-1.5163,-0.9786,-0.77296,-0.10578,0,0.39031,0,0.51456,0,1.9974,0,0,"gauss",-0.91737,-0.17057
6.0485,4.1572,2013,0.80822,0.37236,0.13346,"g01",0.18642,1.0503,0.20751,1.556,1.1191,0.80996,1.1345,1.0685,1.6533,5,4.81,0,4.715,0,0,17.772,0,"pois",4,1.2559
5.4393,9.0256,2013,0.029611,0.23276,0.39747,"g12",-0.27618,1.7354,1.403,0.60611,0.30742,0.71056,1.2682,1.01,1.6949,5,2.7946,1.0176,4.3589,0,1.1244,0,0.98555,"gauss",1.1262,0.62679
9.0855,3.738,2013,-0.21761,-0.32776,-0.39625,"g19",-0.88558,-0.27878,-0.044568,0.11493,0.090642,-0.5751,-0.079983,-0.25379,-0.23976,0,2.1509,0.21888,1.2968,1.0625,0,0.4566,1.3579,"pois",2,0.35731
7.4479,0.75725,2013,0.93638,-0.37715,0.11586,"g11",1.2384,-0.29068,1.0001,1.9634,1.121,1.4301,0.78869,1.2593,1.7545,23,6.6823,3.5864,1.1713,2.8404,1.9556,3.0346,4.5797,"gauss",2.4647,1.5493
0.086898,3.9042,2013,0.24768,-0.29254,0.24799,"g05",-0.561,-0.9378,-2.1142,0.21104,-0.12938,-0.80188,-0.41261,-0.3788,0.016169,8,1.291,0,14.367,1.5761,1.3559,0,4.1199,"pois",1,0.6659
0.74638,8.0304,2013,-0.42099,-0.60729,-0.36192,"g10",0.97251,-0.8621,1.3879,0.77996,0.67817,0.32834,0.53684,0.0036456,1.2248,0,1.7952,0.47289,0.37203,0,0,0.90404,0,"gauss",1.1992,0.086883
3.407,7.8325,2013,0.28851,0.041548,0.26029,"g04",-0.38648,1.7466,1.5829,-0.22588,-0.40383,0.032672,0.40254,-0.45989,0.14843,1,0.87265,1.777,9.9212,0.88884,1.1146,3.8599,7.2694,"pois",2,0.76352
4.245,5.2583,2013,0.84715,0.82551,0.28998,"g19",-0.65612,0.25248,-0.87262,0.81922,0.088347,-0.87804,0.60278,-0.20462,0.80122,0,2.175,6.4835,0.60035,10.074,3.5259,0,6.6866,"gauss",0.76981,1.493
2.6493,2.6344,2013,1.3831,-0.41465,0.17808,"g12",0.43758,0.64717,0.062327,1.5544,0.81025,0.87472,-0.35648,-0.52756,0.27389,0,0.18657,0,0,1.5378,0,9.174,1.8015,"pois",2,1.7861
0.38394,5.5238,2013,-0.060763,-0.4918,0.31932,"g04",0.61113,-0.046261,0.83125,-0.053769,0.22516,0.3434,-0.37105,-0.49811,-0.42711,0,1.152,0.6978,3.3715,0,0,0,1.772,"gauss",0.39162,0.58735
3.1266,1.2672,2013,1.6789,0.51007,-0.35007,"g16",1.1919,1.042,2.2002,2.0085,0.89501,1.9129,2.0358,0.91671,2.2237,2,1.9053,1.0883,0.73922,0,1.3353,0.8362,0,"pois",4,2.2239
2.38,1.1097,2013,1.5605,-0.79005,0.33935,"g02",0.80091,0.98506,0.54611,1.7994,0.080831,1.3644,0.25026,-0.39102,0.72798,4,3.9187,0,4.4563,0,0,0,0,"gauss",1.5295,2.2662
0.14359,3.4245,2013,0.39039,0.16623,0.26602,"g19",-1.279,-0.12155,-1.1947,0.085383,0.080151,-0.8939,0.58439,-0.094979,0.60506,1,0.97451,3.853,6.4138,0,0,1.3564,2.6156,"pois",1,1.072
3.9654,7.2534,2013,0.40045,0.46591,0.060936,"g04",-0.5627,0.90767,0.4021,-0.20348,0.21556,0.66349,0.7835,-0.23112,0.75913,1,0.66129,0,0.88826,3.7893,1.8705,8.531,43.706,"gauss",0.58305,1.011
4.2917,6.3362,2013,0.5772,-0.7534,0.1898,"g20",-0.67755,-0.80533,-0.22488,-0.68445,-0.35171,-1.2333,-0.88342,-1.389,-0.72102,1,1.024,1.6725,0.56952,1.2168,2.7665,2.2859,21.233,"pois",0,1.3414
0.53178,5.2078,2013,0.079591,-0.7382,0.044946,"g14",0.12747,0.39956,0.64525,0.94601,0.38955,1.2655,-0.49349,-0.27006,-0.53996,0,1.7664,0.81272,1.9069,0,0,0,0,"gauss",0.95186,0.42464
5.4981,8.8742,2013,0.022373,-0.46075,0.2211,"g13",-0.11448,0.94734,0.90981,0.37842,0.76927,-0.18655,0.040277,0.38091,0.98422,0,2.0148,3.3591,1.4945,0,0.52103,1.0289,0.81971,"pois",3,0.23601
3.0602,5.2042,2013,0.80994,-0.84369,-0.30421,"g16",1.2702,0.52602,-1.352,0.54251,0.2531,1.4041,-0.0044608,-1.013,0.24839,7,3.745,0.53999,0,1.8022,1.1058,1.5016,6.4432,"gauss",2.0742,1.2964
5.4229,6.7797,2013,0.31758,-0.84799,0.16801,"g02",0.40086,-0.065145,-0.76513,0.93132,0.53921,1.0607,0.21057,-0.076738,0.66623,1,5.581,3.0814,1.0785,0,2.6004,1.9363,1.711,"pois",3,0.90261
6.1858,8.2548,2013,-0.12108,0.76075,0.056482,"g04",-0.53881,0.22717,0.77216,0.33412,0.71606,0.90395,1.5847,1.2099,1.4567,0,0.9752,0,0.97589,0,0,2.3324,0,"gauss",0.96072,0.51061
9.4803,7.5665,2013,-1.257,-0.35182,0.4314,"g03",-0.64291,-1.0655,-0.97883,-0.078743,0.17012,-0.070275,-0.44629,-0.30244,-0.0071483,4,0.94963,5.6921,0,0,6.7059,2.9249,2.2474,"pois",1,-0.2491
4.8581,3.6735,2013,1.203,0.59475,0.32988,"g08",-0.15301,1.4142,-1.2029,1.1616,0.22136,-0.17679,1.0508,0.03547,1.1648,3,3.367,0,2.5903,0,7.6144,8.3099,2.2658,"gauss",0.3158,1.7386
8.8136,4.0926,2013,-0.21039,0.16578,0.42508,"g19",-0.47981,0.28707,0.64455,-0.070652,-0.40783,-0.36647,0.13446,0.27383,0.68953,0,0.72338,3.7573,2.5845,0,0,0,0.60904,"pois",1,0.31543
9.9489,8.375,2013,-1.4948,-0.44806,-0.22083,"g08",0.84864,-0.68768,-0.32891,0.72787,1.6045,-0.31418,0.21478,0.77655,0.60168,4,1.5399,0,0,2.4876,0,0,1.9053,"gauss",0.71391,-0.99849
2.0201,6.5933,2013,0.25357,0.9421,0.43839,"g17",-0.48598,0.28678,-0.73648,-0.06665,0.21233,0.44346,0.89718,0.36838,1.0822,2,0.77819,7.7687,8.5255,0,4.6061,0,3.8029,"pois",0,0.75068
6.0425,2.1561,2013,1.265,-0.28544,0.014137,"g11",0.9891,1.5271,0.69326,2.3236,-0.01555,0.77468,-0.065251,0.4251,0.58452,2,1.7272,2.0223,0,0,0,0,1.5026,"gauss",1.4491,1.7994
1.6081,2.9632,2013,1.0403,-0.35775,-0.13647,"g16",0.0020461,-0.0076635,-0.16291,1.9076,-0.26166,1.1598,-0.24636,-0.016821,0.36068,0,1.8538,1.509,2.1157,0,0,2.4427,4.2688,"pois",3,1.423
7.1546,7.117,2013,-0.29863,0.42295,0.43986,"g10",0.098034,0.072893,-1.3777,1.6252,0.93093,0.56825,2.2218,1.5869,1.8168,11,3.129,9.5464,0,0,0,14.554,4.3651,"gauss",1.5899,0.00059318
4.6289,4.0763,2013,1.1292,0.91157,-0.17006,"g06",0.34231,1.4099,-1.0193,1.3386,0.042855,0.98586,0.67135,0.31572,1.1081,1,2.886,2.1432,0,0,5.1619,0,4.1057,"pois",0,1.7623
2.1917,4.3945,2013,0.85323,0.62268,-0.11637,"g03",-1.3156,0.80403,-1.8663,-0.082736,0.1033,0.4428,0.087755,-0.041474,0.99325,1,1.3093,1.7817,0,3.6042,2.902,1.3917,13.75,"gauss",0.71217,1.3442
0.28693,8.2968,2013,-0.6296,-0.20564,-0.44667,"g19",-0.28847,-0.19359,0.2873,0.8112,-0.537,-0.23197,0.16512,0.27675,0.63288,0,0.74155,0,0.37492,0,0,0.54606,0,"pois",0,-0.18866
7.7675,1.1966,2013,0.77177,0.25702,0.3053,"g16",1.7648,0.40173,0.58172,3.3553,2.2147,2.2585,2.4277,2.2646,2.9606,23,11.781,1.4152,1.0707,2.0491,2.3337,9.4216,4.1377,"gauss",3.0035,1.1692
3.084,8.8612,2013,0.15776,0.40044,-0.084066,"g06",-0.29402,1.5686,0.49575,0.1727,0.25535,0.3625,0.86897,0.27682,1.3033,0,1.3931,1.7947,1.7651,1.053,0.88722,0.70821,1.8125,"pois",0,0.58494
0.28395,7.5431,2013,-0.53439,-0.18256,-0.24534,"g20",0.36998,-0.61992,-0.33705,0.47901,1.0994,0.97706,0.16756,0.32373,0.67333,0,1.6396,0,0.86382,2.6937,0,0,0,"gauss",1.1162,-0.08951
6.907,3.305,2013,0.73149,0.27575,-0.21806,"g02",1.0829,0.90231,-0.45299,1.9395,0.70548,1.3976,1.7827,1.4445,2.0084,0,3.8518,3.3551,0,3.0975,0.76289,1.9598,3.877,"pois",4,1.3587
4.3684,7.2054,2013,0.39357,0.59361,0.034266,"g12",-0.084043,1.0805,-0.27783,0.14994,0.15263,-0.43216,1.3835,-0.18126,1.295,0,2.8805,5.0255,2.1984,4.3334,3.3906,9.9545,18.241,"gauss",1.3168,0.65934
9.1434,4.5647,2013,-0.45381,0.51636,0.20795,"g10",-1.2431,-0.75131,0.31241,0.046647,0.058432,-0.56384,0.59665,-0.26526,0.86113,0,0.48576,5.5776,0,0,0.78857,2.0746,2.7078,"pois",0,0.4383
3.6753,1.8004,2013,1.6551,-0.70531,-0.22207,"g01",1.2397,1.3161,1.3636,2.5117,0.17454,0.55243,-0.1131,-0.18267,0.44336,3,11.103,0,0,0,1.4753,1.58,1.6838,"gauss",2.0992,2.4919
5.6163,0.87519,2013,1.5464,0.46519,-0.076884,"g01",0.88224,1.2143,1.526,2.5103,0.90311,1.6681,1.7497,1.5155,2.2758,7,14.236,1.4549,1.9234,2.9836,0,3.1651,0.90848,"pois",8,1.9667
2.4868,8.1482,2013,0.10995,0.56172,-0.28783,"g12",-0.049466,1.3038,0.84579,0.38241,0.28077,-0.48429,1.0176,0.88348,1.4046,0,1.863,8.4523,0.84165,6.0468,0,5.0503,3.9635,"gauss",0.94698,0.59794
4.6213,9.0276,2013,0.16868,0.5446,-0.022567,"g13",0.55976,1.6068,-0.51889,0.60702,0.59604,-0.66682,1.3133,0.50711,1.9016,6,0.73381,4.397,0.88563,0,1.9248,1.2339,3.0993,"pois",1,0.6831
6.6572,1.7818,2013,1.1236,-0.36758,0.097699,"g02",1.5902,1.4678,1.4206,3.0303,1.9225,1.884,1.0338,1.2275,0.95505,29,11.965,0,3.1883,0,2.1693,0,5.0168,"gauss",2.4699,1.6429
9.2764,4.7333,2013,-0.54432,-0.11276,0.25648,"g20",-1.4759,-0.12549,0.42003,-0.34453,-0.60661,-0.59422,-0.54207,-0.47276,0.038824,1,0.54032,0,4.359,0,0,0,2.6662,"pois",1,-0.13248
3.3868,5.3976,2013,0.79561,0.94186,0.25812,"g19",0.12558,0.53578,-1.2739,0.43487,-0.1331,-0.30576,0.49658,0.56345,1.4103,2,1.1551,3.711,0.89762,3.8144,3.2205,3.9116,18.556,"gauss",1.2153,1.3143
7.6528,8.2836,2013,-0.66242,-0.19248,0.27851,"g01",-0.30668,-0.39436,-0.085081,0.99299,0.28909,0.92643,-0.098617,0.58039,0.85682,3,1.4881,0,2.8498,9.1171,1.5936,0,0,"pois",1,-0.37822
0.57083,4.7916,2013,0.20523,0.24647,0.18628,"g10",0.724,0.25372,-0.58361,0.75958,0.94584,-0.27836,1.4072,1.2796,1.71,1,0.77882,0,16.216,0,0,0,0.38502,"gauss",1.5844,0.84842
2.1153,0.079232,2013,1.5484,0.80416,0.051851,"g06",3.0812,1.8075,0.87751,2.2043,2.0591,2.6363,1.979,1.1834,2.4188,3,8.6106,0,3.121,0,0,2.8305,2.2542,"pois",5,2.1978
8.4308,8.1825,2013,-0.96107,-0.70938,-0.32465,"g05",-0.22497,0.17414,-0.68887,0.41245,0.49148,-0.31434,0.0015597,-0.61331,0.02275,2,0.79779,2.3346,1.3532,0,0,0,0,"gauss",1.1162,-0.29194
8.205,5.167,2013,-0.26074,-0.29816,-0.22202,"g19",-0.51203,-0.29013,0.67712,-0.55079,-0.27978,-1.2786,-0.6589,0.0078507,0.18105,0,1.6243,0,2.1105,1.2925,0.4058,0,1.7505,"pois",1,-0.24242
2.4336,9.1543,2013,0.030064,-0.40207,0.45383,"g10",-0.54422,0.33164,0.31907,0.10045,-0.49726,-1.0488,-0.83637,-0.79629,-0.37347,1,0.91111,1.8586,4.3439,4.2125,0,0,0,"gauss",0.033777,0.37088
6.7614,5.0263,2013,0.33971,-0.50297,0.082366,"g20",1.1456,-0.16173,-0.0056899,0.53396,0.48001,0.92471,-0.22196,0.26368,0.81108,14,4.4657,9.2671,4.2895,12.418,6.9843,4.1742,8.3459,"pois",1,0.83444
7.0168,5.8961,2013,0.021137,-0.15406,-0.27228,"g01",0.7849,-0.15217,-0.53744,1.449,0.86741,1.9723,0.79354,1.2689,1.4728,9,2.4326,3.9188,1.3438,2.5317,0,4.3761,5.7511,"gauss",1.9893,0.62208
0.61186,9.2864,2013,-0.55684,0.50579,0.29539,"g03",-0.82595,0.03755,0.40977,-0.11552,-0.060081,-0.39186,0.37966,-0.086791,0.9057,2,1.1964,0,0,0,0,0,0,"pois",1,-0.10212
2.6922,9.4693,2013,0.080562,-0.23146,-0.033416,"g17",0.22313,0.35672,1.0576,0.23674,0.44431,0.54535,-0.21193,-0.17265,0.5862,0,0.9412,0,0,0.86254,0.5701,2.5101,1.2582,"gauss",1.1103,0.50886
0.73987,2.9104,2013,0.74381,-0.29523,-0.22166,"g13",-0.0052401,-0.05482,-0.74595,0.79265,-0.11797,-1.4128,-0.88306,-0.29906,-0.4597,0,0.73591,0.83077,5.6599,0,0,0.58078,2.1976,"pois",2,1.2363
8.5758,7.5382,2013,-0.93171,-0.50012,0.43166,"g10",-1.0893,-0.4104,-0.59932,-0.015032,-0.67047,-0.54471,-0.84508,-0.6728,0.21617,1,0.81849,0,0,0,0,0,2.4988,"gauss",0.59292,-0.38718
7.2686,1.9149,2013,0.87452,0.6761,0.46299,"g11",1.4419,1.5152,0.81887,3.0331,2.4013,2.3644,2.5314,2.5053,3.2717,57,14.921,3.3111,10.982,6.0436,3.7043,0,4.1419,"pois",5,1.3264
5.1682,0.17281,2013,1.6779,-0.66134,-0.14426,"g17",0.062427,2.0874,1.9924,2.678,0.32058,1.7926,-0.43724,0.071549,0.55937,2,6.1181,2.8275,0.82256,1.3752,1.7146,0.29992,3.4368,"gauss",1.8113,2.4591
6.1891,3.7834,2013,0.86159,0.22231,-0.14814,"g14",0.8739,1.4617,-0.62594,1.5969,0.93972,0.76561,0.76135,1.2434,1.3979,5,2.8324,0,0.64166,0,0,33.87,22.587,"pois",3,1.5658
0.45437,8.9828,2013,-0.61059,0.24392,-0.13659,"g06",-0.71774,0.045489,0.6865,-0.058176,-0.33493,-0.44327,0.89293,0.27115,1.0606,0,0.6187,0,0,1.5776,0,0.67162,0,"gauss",0.3784,0.094647
5.3314,1.4194,2013,1.5584,0.86979,0.46711,"g18",0.64516,1.5596,1.5382,1.9859,0.58942,1.1866,1.2901,1.1649,1.6358,4,2.3234,3.06,7.5685,0,7.3217,0,2.8543,"pois",3,2.1708
7.6957,0.14703,2014,0.77583,-0.54205,-0.16065,"g17",1.1667,0.26525,1.5274,1.3722,0.7728,0.83415,-0.41931,-0.042359,0.4079,3,3.9212,0,2.6241,4.2588,2.2288,0,1.6718,"gauss",1.5422,1.3848
9.2844,1.012,2014,0.043012,0.97602,0.0064158,"g05",2.7273,-0.076478,1.1019,2.2364,2.2239,1.2232,2.4891,2.5837,3.1478,4,7.3616,5.1338,1.7704,4.1902,0,7.4101,1.3825,"pois",10,0.67215
2.46,9.3356,2014,0.23727,-0.14416,0.18296,"g08",0.24016,0.62209,2.1349,-0.02953,0.77983,-0.098759,0.043708,0.25237,-0.14413,2,1.2576,3.8668,4.3991,0,1.4638,3.5047,2.7911,"gauss",0.2819,0.37434
2.6413,7.7024,2014,0.39636,-0.78752,-0.10232,"g15",0.053286,1.8879,1.542,0.28575,0.60447,0.029389,-0.89318,-0.24697,-0.2288,0,2.0419,0,1.9538,1.5128,3.3604,2.0335,3.868,"pois",3,0.73825
9.1416,7.7431,2014,-1.334,0.13974,0.21389,"g01",0.013769,-1.4149,0.54495,-0.097406,0.66882,0.47879,0.74431,-0.083644,0.72468,2,0.92287,4.2876,0,0,0,0,4.3425,"gauss",0.43766,-0.70911
2.4822,3.0212,2014,1.4685,-0.65532,0.065416,"g11",0.51205,1.1574,0.44239,1.7882,0.036193,1.3048,-1.1797,-0.30579,0.077853,4,0.7524,1.7706,1.6269,1.61,0.87155,1.1781,2.7206,"pois",2,2.0229
5.0345,7.9015,2014,0.28117,0.98839,0.25839,"g04",0.399,1.0022,1.1858,1.1235,1.2283,0.28904,1.3037,0.40631,1.3676,2,3.0829,0,1.9509,3.547,1.8439,0,5.5556,"gauss",1.2482,0.89954
9.8163,3.2155,2014,-0.51716,0.39479,-0.28994,"g15",0.45196,1.3025,0.49569,0.20679,1.0746,-0.96445,0.72045,0.31157,1.2333,0,1.0953,2.7168,7.2319,2.7282,1.1231,0,4.6361,"pois",0,0.53183
2.1716,5.0037,2014,0.89994,-0.0065994,0.23079,"g03",0.91882,1.0841,-0.47555,0.34997,0.2769,0.48945,0.066459,-0.26641,0.20645,1,0.63288,2.9844,5.4552,2.6088,2.5948,0.74201,10.855,"gauss",1.0254,1.3715
8.4672,1.1649,2014,0.36776,0.73439,-0.14518,"g10",2.3268,-0.18125,1.6362,1.8898,2.7596,0.894,2.7611,2.1176,2.8678,3,2.1389,0.70919,3.8982,0,2.6795,2.2184,0,"pois",6,0.77838
7.6861,4.6329,2014,0.0024221,0.037285,0.25981,"g16",1.0267,-0.56214,-0.21343,0.28967,1.4279,0.26248,0.39249,0.94141,1.3383,0,1.4813,4.729,1.4522,1.9035,1.8871,4.312,4.3511,"gauss",1.3374,0.2639
4.2632,1.2466,2014,1.8438,-0.36276,0.29713,"g02",1.4343,2.1139,2.4647,2.7911,0.53387,1.7373,-0.11238,0.60287,0.67647,16,1.3491,3.5125,0,0,10.02,0,0,"pois",3,2.2845
8.1353,4.9225,2014,-0.27992,-0.97738,-0.49699,"g10",-0.038507,0.38365,0.058784,-0.3225,-0.10477,-0.56429,-0.6704,-1.1151,-0.3263,0,1.6114,0.77314,0.32052,0.48419,1.7124,0,4.0991,"gauss",0.44648,0.19657
7.2282,6.5449,2014,-0.26963,0.42102,0.0028464,"g03",1.2639,0.43341,1.453,1.5394,2.189,0.88251,2.2048,1.7841,2.6542,3,0.784,6.9751,1.9321,3.0762,4.3891,0,9.459,"pois",3,0.34066
1.469,9.5805,2014,-0.011229,-0.039099,-0.31859,"g09",0.18015,-0.04132,2.1541,-0.24569,-0.080306,-1.4106,-0.50219,-0.40314,0.15666,0,0.25411,0,2.155,0.55452,0,2.6554,0,"gauss",-0.070568,0.26318
4.109,5.8274,2014,0.83612,0.31438,0.40498,"g14",0.60678,0.51577,0.9042,-0.80987,0.31638,0.48569,0.60192,-0.01521,1.3479,0,0.93065,3.638,0.17965,3.5825,8.8378,14.038,39.671,"pois",2,1.655
5.591,2.3244,2014,1.4012,-0.67998,-0.25971,"g06",0.98754,1.3181,0.71414,1.8651,0.13045,1.6644,-0.48078,-0.374,0.29012,2,4.9744,1.4547,0.82929,0,2.1622,1.3191,1.036,"gauss",1.7365,1.852
3.7175,6.2896,2014,0.74461,-0.42622,-0.14787,"g05",0.98733,0.11348,0.21265,-0.62951,0.3506,-0.44813,-0.679,-0.33251,-0.33145,0,0.9512,0.42829,0,2.0624,3.0254,3.6103,15.304,"pois",1,1.3201
5.7368,8.0103,2014,0.070556,0.97497,0.38872,"g08",1.0681,0.48242,1.5063,0.37182,1.6372,0.32906,1.6835,0.53256,2.2203,3,2.4296,0,0,0,2.816,0,1.5488,"gauss",1.2405,0.8478
9.9044,5.3444,2014,-1.0952,-0.82489,0.34696,"g09",-1.3561,-0.35069,0.55765,-0.63907,-0.36468,-1.6007,-1.2043,-1.2759,-0.99153,0,0.091762,3.0422,0,0,1.7051,1.7205,0.47135,"pois",0,-0.50868
9.291,9.1826,2014,-1.5119,0.037715,0.44713,"g06",0.98672,-0.61633,1.0684,1.2179,1.2742,-0.44261,0.23028,0.61509,1.5138,1,1.9895,0,8.1073,0,0,0,0,"gauss",0.75014,-0.69351
7.9794,9.4108,2014,-0.953,0.10406,-0.048013,"g16",0.53279,-0.16176,0.054363,-0.15829,1.4195,0.0017185,1.3575,0.78675,1.6081,0,2.2026,0,0,0,1.065,0,0.44725,"pois",0,-0.73859
3.0297,6.0322,2014,0.77721,-0.5181,-0.35118,"g13",0.40797,0.79676,0.2603,-0.41862,-0.070671,-1.9315,-1.3973,-0.90554,-0.42015,0,1.4765,0.82782,3.416,0,0.65309,0.75129,27.365,"gauss",0.30033,1.5455
8.4639,7.6434,2014,-1.0342,-0.27101,-0.32039,"g10",0.24859,-0.48306,0.56856,0.85909,-0.15047,-0.66553,-0.14262,0.10767,0.14573,0,0.7139,0,3.5423,0,0,0,0,"pois",0,-0.27685
7.5775,2.0151,2014,0.6571,-0.070229,-0.27749,"g20",3.4106,1.4685,0.68639,2.5602,2.8452,2.1626,2.2499,2.1821,2.6751,20,13.816,0,2.3447,0,3.5899,0,3.4523,"gauss",3.0128,1.3977
1.3051,6.3721,2014,0.31511,0.82299,-0.099361,"g13",0.71502,0.16307,-0.44883,0.16786,0.57455,-1.4389,1.2523,0.082992,1.69,2,1.5155,1.1111,2.1604,1.758,0.74045,2.4649,1.431,"pois",2,0.67607
6.686,4.5199,2014,0.47653,0.95065,0.37796,"g18",0.56508,0.81962,0.57224,0.82666,1.5857,0.69024,1.4632,0.69324,1.3398,1,3.1735,0,0,22.665,35.603,7.8548,11.049,"gauss",1.6047,0.86718
1.6428,3.4679,2014,1.1625,-0.062157,-0.34313,"g12",-0.3207,0.64797,-0.16177,1.4557,0.64455,0.64736,-0.41742,0.40725,0.76753,4,2.1085,1.3825,0.66676,0.89289,2.9975,2.2951,4.2481,"pois",4,1.9104
8.9884,9.7824,2014,-1.3892,0.20978,0.06692,"g14",1.0462,-0.13199,0.93427,0.78952,1.6315,0.79887,1.381,1.3919,1.503,1,1.9364,0,0,0,2.1912,0,0,"gauss",0.64294,-0.75076
3.3557,6.4131,2014,0.71146,0.54477,0.22417,"g04",-0.36303,0.68861,0.36894,-0.41101,0.48479,0.44335,1.0601,0.071821,1.1683,0,1.1152,2.0006,7.6565,0,2.7016,4.9614,24.4,"pois",3,1.1566
6.6475,8.1577,2014,-0.28834,-0.056258,0.19849,"g09",1.2322,0.035276,1.1965,0.48219,0.63455,-0.3133,0.36366,0.42804,1.0683,0,0.88196,1.2082,0.70193,0.67077,0,2.7154,1.092,"gauss",0.92994,0.37334
7.3949,9.8373,2014,-0.67846,-0.98823,0.28849,"g13",-0.17223,1.064,0.20944,0.088173,0.20144,-0.7988,-0.8146,-1.0876,0.072723,3,1.3228,0,0,0,0,0,1.0032,"pois",2,-0.44417
6.4825,8.4203,2014,-0.24653,-0.76544,-0.09257,"g07",1.3189,0.58742,1.5254,0.90274,0.20208,1.529,-0.20779,0.13295,1.0417,2,2.5098,1.1642,0,2.7675,2.4414,0,1.3258,"gauss",1.2274,0.11013
2.9641,0.22807,2014,1.9089,0.96785,-0.059894,"g14",2.1542,1.662,1.8415,1.9125,2.463,3.0847,2.1888,1.5053,2.196,15,11.271,0,2.075,0,4.5246,0,2.2355,"pois",4,2.4798
5.2115,1.3948,2014,1.6522,0.57967,-0.10781,"g03",0.88054,1.7161,1.6001,1.6623,0.90237,1.6107,1.1916,0.95236,1.3931,1,3.1888,3.2064,6.8434,4.3911,1.9286,0,10.866,"gauss",1.6396,2.2548
8.0254,5.9245,2014,-0.48849,-0.22746,-0.26267,"g05",0.59578,0.22268,0.65063,0.69696,1.3136,0.087453,-0.1413,0.0055063,0.21047,0,2.1764,4.2303,0,0,0,3.7611,0,"pois",0,0.37444
0.05039,0.50919,2014,1.0586,-0.26525,0.031422,"g03",1.0875,1.0957,0.93767,1.9907,-0.092458,1.4087,-0.92046,0.24859,0.48643,0,3.8078,2.1022,1.6973,0,0,2.257,1.7846,"gauss",1.4526,2.0874
1.223,7.3739,2014,0.088108,-0.68879,0.26724,"g13",1.6595,-0.017878,0.35714,0.61422,0.48168,-0.54396,0.16696,0.19363,0.57767,3,2.0402,0,0.70203,0.86013,0,1.1386,0,"pois",2,0.59639
2.6099,7.174,2014,0.47783,-0.11113,-0.089189,"g16",0.98894,0.7964,0.61724,0.05735,0.72584,-0.19153,-0.29315,0.083956,-0.15927,0,0.81931,2.9505,5.5308,0,4.7038,0,6.2965,"gauss",0.7184,0.86957
8.4449,1.3959,2014,0.35214,0.54889,0.028758,"g19",2.4795,-0.26677,1.5714,2.4074,2.482,1.7901,3.2882,2.2931,2.7182,17,5.6015,0,2.5764,4.5319,3.2991,2.4183,3.0447,"pois",4,0.98034
4.4408,1.2065,2014,1.8262,-0.27092,-0.107,"g18",1.7891,1.3183,1.8569,2.8526,0.69535,1.0147,-0.27166,0.036994,0.45157,1,3.3801,4.2677,0,0,4.0181,4.7251,2.3507,"gauss",1.8479,2.6438
5.8198,9.788,2014,-0.038446,-0.57086,0.39801,"g05",0.58791,0.83093,0.45436,0.74306,0.97272,-0.072391,0.085548,-0.14572,0.4698,5,1.5006,0,0,0,3.4107,0,0.79292,"pois",2,0.075778
3.4841,2.4434,2014,1.6944,-0.72182,0.38747,"g15",1.0255,1.2904,1.8492,1.5774,0.1026,1.5436,-0.22912,-0.67477,-0.18783,5,3.2039,7.9271,0.52841,0,3.6737,0,1.2628,"gauss",1.9615,2.5357
2.0495,6.9927,2014,0.39771,-0.6625,0.096463,"g17",0.90884,0.58333,0.69942,0.88863,0.45792,0.59082,-0.93752,-0.44184,0.90475,1,2.3879,2.9056,2.0322,6.0826,7.4853,1.5512,3.7912,"pois",2,0.78455
8.6001,2.505,2014,0.10606,-0.53895,-0.17362,"g03",1.5732,1.3011,1.3481,2.4812,1.397,2.412,1.1918,1.4856,1.5452,2,4.7501,0.76159,1.5079,0.50652,0.6849,0.61466,1.4561,"gauss",2.5915,0.65656
1.3804,4.1188,2014,0.91707,-0.74127,-0.062685,"g20",-0.1804,0.2467,-0.48191,0.69402,-0.09959,-0.028983,-0.86327,-0.98286,-0.16946,0,1.2124,0.9823,0,1.3342,1.9541,0,2.076,"pois",1,1.4763
2.7019,7.355,2014,0.46039,0.46484,-0.33583,"g07",0.78332,1.4958,1.4597,-0.068507,0.81947,1.896,1.2523,0.12206,1.084,1,2.1812,2.2138,4.9346,2.1259,5.9221,1.7897,9.2516,"gauss",0.60706,0.53108
8.7111,5.4132,2014,-0.66394,-0.89438,0.31672,"g14",-0.70075,-0.82099,0.58949,-0.24843,-0.24872,0.17298,-1.1319,-1.2303,-0.19417,1,0.55654,4.4651,0,4.3503,2.256,0,1.6914,"pois",1,-0.24443
9.4369,1.8379,2014,-0.1145,0.95826,0.44187,"g04",1.5705,0.94145,0.87834,2.1156,2.8352,1.3179,2.8518,2.316,2.641,10,11.704,1.0722,0,7.7253,0,6.3963,0,"gauss",2.2033,0.5494
3.897,5.2556,2014,0.99631,0.27132,-0.444,"g04",1.3413,0.81989,0.6248,0.32022,1.0681,0.4862,0.62109,0.137,1.5969,2,1.414,0,0.65669,1.7479,2.2864,1.3696,7.0329,"pois",2,1.4092
4.1925,7.4053,2014,0.49368,0.82182,-0.16156,"g09",0.28591,0.94243,0.62331,0.038706,0.77519,-0.82088,0.28475,0.56066,1.2376,1,1.3915,3.9698,0,4.5488,3.6946,3.7327,14.276,"gauss",0.41872,0.90441
2.3299,9.9439,2014,0.22352,0.1096,0.41425,"g14",0.57711,-0.70694,1.7156,-0.17078,0.38917,0.36782,0.39447,-0.041242,0.39091,5,1.4481,17.329,21.12,0,12.573,5.2731,4.3606,"pois",0,0.93767
6.4941,8.5569,2014,-0.26242,0.4562,-0.40489,"g02",0.32226,0.085048,0.95649,0.69154,0.48774,0.55254,1.6712,0.91191,1.7836,1,1.5844,0,0.34781,2.0683,0,0,0,"gauss",1.1021,0.37908
0.82791,0.6677,2014,1.3501,0.3058,0.25661,"g11",1.3664,0.80696,0.73386,1.9124,1.1763,0.89991,0.80889,0.32415,1.1322,1,1.5081,0,1.8775,0,4.1348,0,2.0473,"pois",0,1.9304
6.3865,7.238,2014,-0.049286,0.91267,-0.42573,"g12",0.46805,0.25367,0.6656,0.66919,1.2166,-0.34222,0.88991,1.064,1.5778,0,1.09,5.7219,0.92814,0.68645,0,2.5146,5.0029,"gauss",1.1349,0.26205
9.8163,6.8198,2014,-1.4169,-0.10347,0.17328,"g14",0.36092,-0.53143,-0.43895,-0.99705,-0.38977,-0.48814,-0.49281,-0.25331,-0.16572,0,0.41601,0,3.5369,10.584,0,0,2.2669,"pois",0,-0.95139
4.9357,1.4199,2014,1.7144,-0.38768,0.11996,"g11",0.67024,1.3319,1.5381,2.1707,0.32384,0.83571,-0.46701,-0.5524,0.02541,3,3.3392,0,4.1383,6.154,3.1196,2.6801,5.6755,"gauss",0.96325,2.3825
0.088102,5.2453,2014,0.14381,-0.69214,0.44177,"g04",0.96119,0.5014,0.72988,0.41921,0.5921,0.59578,-0.74958,-0.21688,-0.31084,8,1.7412,0.82737,0,0,4.0115,3.4973,1.0956,"pois",2,0.7752
3.1928,5.0657,2014,1.0377,-0.76268,0.0035143,"g14",1.8841,0.49516,0.99622,0.82035,0.65458,2.0396,-0.51776,-0.4219,0.36832,2,1.3807,0.35495,0,4.9274,2.4653,6.1296,8.8292,"gauss",1.0637,2.014
4.692,0.73139,2014,1.8267,-0.87811,0.071189,"g11",1.3705,2.3424,1.5607,2.7226,0.45919,1.4597,-0.7218,-0.40262,0.18737,3,1.7403,10.247,2.3778,0,4.7507,7.2233,4.6984,"pois",4,2.3903
8.216,8.0035,2014,-0.97234,-0.78114,0.45014,"g04",-0.055336,-0.20179,0.67883,0.13495,0.31946,-0.14298,-0.69726,-0.44767,0.50577,5,0.92952,0,0.29468,0,2.3427,0,1.5616,"gauss",0.91533,-0.68518
2.3742,3.4075,2014,1.3576,-0.92947,-0.084296,"g14",0.19489,0.80835,0.20429,1.94,0.20261,1.5266,-0.51872,-0.65498,0.04783,7,2.303,1.1767,0,2.5796,2.4561,3.7012,6.259,"pois",2,2.3018
6.0172,6.2366,2014,0.29779,0.4569,0.0016583,"g20",1.532,-0.19874,1.396,0.59118,1.4804,0.31361,2.0013,1.0831,2.0156,7,1.356,0,0.56418,0,10.379,4.7797,9.2583,"gauss",1.7054,0.88379
6.4651,7.2204,2014,-0.077531,-0.89838,-0.24696,"g03",0.64377,0.15577,0.55303,0.49965,0.30373,0.64198,-0.060255,-1.0269,0.19955,0,1.1903,0,0,2.4927,0,0,4.109,"pois",1,0.56373
6.6221,9.8099,2014,-0.34152,0.28976,-0.48132,"g04",0.59319,1.061,-0.22546,0.55511,0.74648,-0.20425,0.9936,0.70051,1.8062,0,0.91426,0.96558,3.1656,0,2.9916,1.196,2.5424,"gauss",1.4301,0.11153
9.4219,4.639,2014,-0.74395,-0.82887,-0.31388,"g08",-0.87715,-0.61995,0.38624,-0.60296,-1.0248,-0.79158,-1.1164,-1.2621,-0.85165,0,0.36122,1.4107,0,4.917,1.5182,1.1554,2.2145,"pois",0,-0.31372
2.3994,2.4663,2014,1.57,-0.58294,0.25652,"g16",1.6665,1.0695,1.259,1.9989,0.49683,1.5219,0.46407,-0.084584,-0.057925,10,3.1069,7.0692,0.18857,0,3.6858,5.7861,5.6322,"gauss",1.9276,2.2609
8.0103,8.8808,2014,-0.95398,0.76844,0.42967,"g19",0.62738,-0.16047,0.73756,1.3643,1.439,0.10201,2.2587,0.93633,1.9186,4,3.0101,0,0,2.2493,2.5196,0,0,"pois",2,-0.42159
4.7792,0.073596,2014,1.834,-0.52842,0.37376,"g03",1.2814,2.4055,2.3473,2.3038,0.8241,2.3391,-0.30081,-0.29531,0.19021,11,5.9096,0,4.6637,0,3.8496,0,3.8501,"gauss",1.8777,2.5478
2.2432,7.6175,2014,0.33416,-0.8623,0.29021,"g13",1.2729,1.0615,1.4059,1.0208,0.38917,-0.25417,-0.09426,-0.459,0.075082,0,2.765,3.9318,0,2.9001,2.6499,2.6692,1.5011,"pois",3,0.76393
2.9186,5.1176,2014,0.99836,-0.65839,-0.050115,"g19",2.351,0.8906,0.83449,1.0189,0.71387,-0.012132,-1.0075,-0.60353,0.1659,1,2.5814,0.99377,2.4306,1.667,2.29,0.77434,10.703,"gauss",1.3391,1.3434
3.7531,1.8963,2014,1.7908,-0.11313,-0.08546,"g07",1.7083,1.1897,1.9955,2.6084,1.1949,3.4916,0.15908,0.48469,1.1791,6,5.4334,0,0,0,2.9019,0,1.5099,"pois",3,2.2783
5.1867,1.5658,2014,1.6369,0.97751,-0.13425,"g14",1.6127,1.4619,0.96047,2.0991,1.1259,2.0943,0.60478,0.62151,0.98514,5,3.0003,2.6579,0,0,2.2373,0,5.6009,"gauss",1.2656,2.5419
1.1671,1.2943,2014,1.4162,0.60877,-0.040953,"g04",0.88559,0.9826,1.748,1.8637,1.0918,1.0166,1.5261,0.27977,1.6644,0,2.4936,1.7762,1.7858,0,2.532,0,2.0183,"pois",1,2.2047
4.2802,3.382,2014,1.4533,-0.31,-0.50895,"g03",0.46693,1.0045,1.0359,1.2149,-0.2197,1.0688,-0.48737,-0.85404,-0.15122,3,1.9583,0.43798,0.57453,0,0,0,1.3593,"gauss",0.42727,2.4524
3.5775,8.2545,2014,0.40685,-0.8424,-0.23577,"g18",0.55496,1.5035,1.0971,0.37709,0.040177,0.49873,-0.39112,-0.78874,-0.14162,0,1.3858,1.1886,0,1.3957,1.2777,0,1.9747,"pois",2,1.3275
6.6147,8.2391,2014,-0.28335,-0.77958,0.058749,"g20",1.331,0.27995,1.5449,0.84589,0.51103,0.63695,0.072114,-0.071113,-0.095719,3,1.3337,0,0,1.0944,0,0,0.51962,"gauss",1.2156,0.13291
9.4271,1.6505,2014,-0.083447,0.28261,-0.25807,"g01",2.111,0.81208,0.94138,1.0805,2.3318,2.679,2.2048,1.9789,3.5282,4,4.0473,0.67205,1.8172,2.3633,1.9365,1.7395,1.8947,"pois",4,0.18495
9.2691,2.479,2014,-0.164,-0.2211,0.068692,"g01",1.6776,0.80523,1.3896,1.6112,2.1694,2.24,1.501,1.3684,1.8756,5,6.5229,0,11.451,0,0,3.742,1.256,"gauss",2.1382,0.42929
4.4372,3.9771,2014,1.2847,-0.3536,-0.42695,"g14",0.25637,1.4081,0.52279,1.1775,0.19382,0.92474,-0.91061,-0.53887,0.077882,2,1.4327,0,0,0,0,0,0,"pois",1,1.9364
6.2626,7.9007,2014,-0.10326,0.14762,-0.19144,"g15",0.55487,0.38787,1.364,0.82677,1.4297,0.26698,1.3692,1.1211,1.6841,3,2.7727,0,0.22581,0,2.0516,0,1.091,"gauss",1.2197,0.42495
2.8904,6.3836,2014,0.67982,-0.085445,-0.076414,"g16",0.22174,0.52924,0.57174,-0.30151,0.041877,0.096686,-0.60044,-0.088351,-0.1432,6,0.75462,1.3846,0,5.0159,1.8917,6.4836,19.091,"pois",0,1.0094
3.5583,1.7954,2014,1.8075,0.51948,0.15363,"g09",1.9037,1.3995,1.9567,2.3906,1.6481,0.70815,1.946,1.1654,2.1217,4,7.1684,0,0.72368,0,1.2067,6.2681,1.0607,"gauss",2.0151,2.0693
3.2437,7.402,2014,0.51016,0.44232,-0.064339,"g10",0.2167,0.86268,1.8079,-0.47106,0.9261,-0.64492,1.0643,0.28778,1.2667,0,1.0961,2.7499,0,3.3869,2.1061,5.4089,5.8443,"pois",1,1.2108
7.688,0.20484,2014,0.77848,-0.98958,-0.21669,"g20",1.4779,-0.66605,1.5226,1.4339,0.33047,0.11334,0.29107,-0.48972,0.12118,3,0.91926,0,2.2149,0,3.5621,0,3.7696,"gauss",1.608,1.2385
8.7389,1.708,2014,0.18316,0.31034,0.11771,"g08",2.6128,1.052,1.3669,1.8162,2.9938,1.6492,2.837,2.3892,3.4428,4,13.214,2.3123,0,1.742,0,0,3.1607,"pois",2,0.66926
5.7366,4.5306,2014,0.83179,-0.82758,-0.10038,"g05",0.79106,0.26904,0.50133,1.4276,0.16194,1.0694,-0.40606,-0.75755,0.14276,5,1.0599,0,1.592,0,0,0,2.982,"gauss",1.5964,1.3323
3.9688,7.5128,2014,0.49362,0.0087772,0.38361,"g03",0.50265,0.84269,1.1203,-0.010168,0.16333,1.0731,0.23341,-0.21596,0.44003,1,0.31118,5.3,5.0184,4.5085,7.0468,1.3517,6.8678,"pois",0,0.84732
5.6872,6.624,2014,0.32335,-0.28193,-0.28446,"g20",1.5664,-0.19209,1.2513,1.4041,0.66761,-0.053257,0.45789,0.76983,0.60925,0,4.0439,1.4059,0.25711,2.1311,3.17,0,2.0532,"gauss",0.93695,0.95236
0.80281,8.2088,2014,-0.17456,-0.35733,-0.10093,"g11",1.2281,-0.93772,0.51006,0.65988,1.1859,0.0013673,0.36616,0.10634,0.082745,6,1.9741,0.29172,0.83796,0.4261,0,1.1443,0.41431,"pois",2,-0.033531
3.965,2.5733,2014,1.6601,-0.64581,-0.31964,"g13",0.7576,0.84961,2.073,1.6804,-0.10653,-0.84197,-0.9387,-0.40159,0.13571,4,4.7991,0.4364,0.53754,0,0.80451,1.0405,0.82337,"gauss",1.2414,2.2929
2.7885,0.4644,2014,1.8802,-0.75922,-0.20508,"g15",1.9183,1.7961,1.3155,1.6937,1.0082,2.5041,-0.24426,-0.031465,1.2567,1,8.0453,0,1.6092,0,3.1659,0.33236,3.8375,"pois",11,2.4774
4.7765,2.7164,2014,1.5286,-0.91893,-0.21126,"g19",1.2278,0.35313,0.86132,1.8938,0.23078,-0.68882,-0.42057,-0.87013,0.19957,1,2.605,1.7407,0.97123,2.5245,2.6158,0,1.5301,"gauss",1.7025,2.2693
8.2403,8.3181,2014,-1.0176,-0.45599,-0.18735,"g02",0.24116,-0.18363,0.64263,0.4173,0.85049,-0.67218,-0.37641,-0.061326,0.2511,1,0.81286,4.4378,0,1.5182,3.0563,0,1.1962,"pois",2,-0.58934
6.4191,4.5985,2014,0.56484,0.8597,0.29901,"g03",0.59616,0.93803,1.3625,1.3284,1.8233,1.9047,1.804,0.65251,2.2132,4,2.3069,0,5.7272,0,9.1172,0,0,"gauss",2.1281,1.1189
8.4563,6.1748,2014,-0.74255,-0.35519,-0.46359,"g19",0.52983,-0.47714,0.747,0.56712,0.39578,-0.33148,-0.22948,-0.3594,0.033834,4,1.608,1.6987,0,1.0405,1.8925,0.37929,0.72403,"pois",0,-0.42884
9.5967,8.0091,2014,-1.5388,0.38093,0.34743,"g07",0.34907,-0.89819,0.7615,0.13,0.37754,0.14342,1.0225,0.20831,2.066,4,0.78137,0,5.0314,0,12.092,0,0,"gauss",0.45982,-0.4802
1.3889,3.0617,2014,1.1808,0.12261,0.22186,"g11",0.14908,0.90255,0.070717,2.1789,1.0573,0.51298,0.41504,0.54657,1.0335,2,2.0415,2.4864,3.9637,0,3.9641,6.8607,3.2251,"pois",2,1.7648
6.2459,8.6114,2014,-0.16868,-0.74688,-0.17206,"g07",0.91282,0.31032,1.0834,0.60975,0.43126,1.2005,-0.6794,-0.89396,-0.046803,2,1.0408,1.1172,1.9729,0,0,0,0,"gauss",0.84267,0.25928
6.4922,6.6445,2014,0.024781,-0.68502,-0.060999,"g05",1.4997,0.082624,0.46314,1.1891,0.94851,-0.048335,-0.042147,0.14722,0.19157,1,2.6301,7.2824,0.18404,0,4.4112,0,3.122,"pois",4,0.54532
8.4305,0.34286,2015,0.31051,0.37318,-0.042466,"g13",1.7226,0.4244,1.8032,1.9343,1.6014,0.58427,2.8693,1.4003,2.4778,9,5.8369,0,0,0.74247,1.9444,1.8726,1.7043,"gauss",1.8493,0.74623
7.5871,5.3703,2015,-0.22763,0.57963,-0.056523,"g06",0.34675,0.44684,-0.22945,0.7847,1.2223,0.91667,1.6272,1.0105,1.6798,0,2.3543,18.157,3.6703,5.4294,0,0,3.4409,"pois",3,0.092019
9.278,2.4429,2015,-0.33053,-0.61092,0.33128,"g18",2.04,0.99585,0.60884,1.3737,1.2221,1.6278,0.58145,0.37464,1.2581,6,8.2912,2.2235,15.953,1.4728,0,0,2.3835,"gauss",2.2086,0.56401
8.4676,0.90684,2015,0.26105,-0.50072,-0.39466,"g11",1.7301,-0.3428,1.0971,1.7558,1.4773,1.6788,0.67275,1.4301,1.7336,0,2.3389,2.8022,1.6017,0.66153,0,1.6862,1.1018,"pois",3,1.0364
6.479,6.8376,2015,-0.022298,0.78246,0.061415,"g05",0.35411,0.026125,0.33117,-0.15026,1.7406,-0.10604,1.4433,0.76698,2.1958,7,3.5419,0,1.1503,8.256,4.2361,0,8.1026,"gauss",0.67068,0.88341
2.8312,4.4481,2015,1.3558,0.93455,-0.016331,"g15",1.3732,0.38628,-0.58952,0.88758,1.055,1.0408,0.5447,0.28808,0.80069,1,0.92445,0,0,3.8021,3.8294,0,1.6382,"pois",2,1.9185
8.9484,6.9663,2015,-1.2791,0.092174,-0.35261,"g12",-0.31812,-1.0505,-0.35325,-0.62531,0.20592,-1.4172,-0.31534,-0.18171,0.43723,0,0.80753,0,0,3.6548,6.353,9.3175,0,"gauss",-0.4739,-0.65714
9.512,3.1883,2015,-0.58764,0.5204,-0.026631,"g20",0.41998,0.90344,0.80838,0.085723,0.97609,-0.85829,1.1863,0.66178,1.6062,0,0.84299,0,4.4301,2.6827,6.4721,0.5851,0,"pois",1,0.24249
8.907,9.4819,2015,-1.5137,-0.015236,-0.43613,"g13",0.19308,-0.45811,0.10087,0.49054,0.99332,-0.17366,0.030098,0.42262,0.64836,0,0.72832,0.93442,0,1.5688,0,0,0.99515,"gauss",0.61632,-1.0573
4.0018,9.6316,2015,0.47142,0.95783,0.40425,"g10",1.0972,0.85122,1.9942,0.83866,1.4197,-0.2672,1.2668,1.0677,1.6223,0,1.4341,0,2.8145,5.9741,0,5.3764,0.74345,"pois",2,0.87965
5.1601,2.4428,2015,1.5685,0.97614,0.38448,"g20",1.5826,0.75599,0.32135,2.0672,1.5905,-0.29226,0.98626,0.90001,1.7766,2,2.4796,0,7.2706,0,0,0,1.5707,"gauss",1.8803,2.3418
2.0795,5.2539,2015,1.0295,-0.26676,0.088968,"g12",0.87178,1.0283,-0.13253,0.99325,0.25134,-0.056714,-0.68213,-0.24473,-0.16686,0,2.3433,0,0,7.2091,7.5978,0,20.836,"pois",1,1.5709
4.8816,3.7016,2015,1.3641,0.97934,0.11456,"g16",0.82822,1.1115,-0.60575,1.664,0.78829,0.64563,0.040586,0.39435,1.1827,0,1.4971,0,0,6.2818,9.0068,14.848,5.0272,"gauss",0.81746,1.852
3.7617,2.3941,2015,1.851,0.74968,0.015646,"g16",0.67618,0.74625,0.61227,1.9618,0.9191,1.7425,1.3059,0.45057,1.3266,0,2.8256,1.8776,0.74707,0,0,4.1405,2.3352,"pois",4,2.4213
2.1637,3.158,2015,1.5862,0.003149,-0.088191,"g19",2.2296,0.5996,-0.22209,2.302,0.74218,-0.10467,0.2788,0.49993,0.66231,1,1.759,0.82523,2.0542,2.3916,2.3504,3.4147,9.4353,"gauss",1.5164,2.1037
9.3963,0.97128,2015,-0.17114,0.85915,0.41805,"g19",1.4345,0.0024448,0.96827,1.6259,2.4094,1.3347,2.9464,2.0143,2.9187,13,6.9715,3.7392,1.3783,0.8314,7.023,1.0621,1.5707,"pois",7,0.26137
4.4281,5.1976,2015,1.0748,0.046236,-0.20289,"g15",0.59857,0.77458,0.63272,0.63909,1.1135,0.65573,-0.23959,-0.36737,0.58162,1,1.7115,1.5093,0.63316,0,0,1.9644,2.3811,"gauss",0.99132,1.543
1.3624,7.7274,2015,0.31433,0.87038,-0.020361,"g11",2.0483,0.0082076,0.50188,0.52663,1.6955,0.76629,1.7897,1.0874,2.0085,1,2.1288,0,0,0,0,2.377,1.9824,"pois",4,1.0563
7.0603,4.1507,2015,0.36456,-0.61094,0.058228,"g13",1.0339,0.81841,1.3421,1.3024,0.64362,0.017999,-0.07355,0.0028273,0.52224,1,5.7283,4.8888,0,4.3935,10.895,3.6256,6.231,"gauss",1.1923,0.89894
3.9774,9.377,2015,0.47242,0.20782,0.4229,"g01",1.272,1.0969,1.8875,0.43008,0.72111,0.61129,0.24483,0.8881,1.5442,7,1.5333,3.1168,2.082,0,4.503,3.0271,2.1639,"pois",3,1.0112
9.2105,8.4357,2015,-1.6074,0.5408,0.40646,"g06",-0.85638,-0.94337,0.69396,0.046613,0.61629,-0.8311,0.94274,0.22609,1.5618,0,1.3749,0,0,0,0,0,0,"gauss",-0.23513,-1.0186
1.9329,0.21508,2015,1.9391,0.1747,-0.35257,"g04",2.4157,1.7215,2.0062,2.2475,1.6523,2.4373,1.494,0.77587,1.9363,8,3.5847,4.7248,1.2272,0,2.7463,7.3662,4.6975,"pois",6,2.5322
7.8062,4.5001,2015,-0.11014,-0.39818,-0.32425,"g14",0.010693,0.019304,0.30712,0.3396,0.25025,1.6317,-0.4917,0.43816,0.73106,1,1.9557,3.4436,0,1.8449,0,1.6411,2.3827,"gauss",1.1451,0.27363
7.3563,1.7049,2015,0.73945,-0.19173,-0.05738,"g12",2.5669,1.8091,0.95087,3.1561,2.1766,2.1328,2.2605,2.7045,1.9713,41,15.421,2.8851,2.7177,0,0,0,2.4765,"pois",13,1.6331
4.6039,8.147,2015,0.43883,-0.81886,-0.0038023,"g09",0.64106,1.2961,1.2299,0.38893,-0.34695,0.2758,-0.93631,-0.96476,0.078566,4,1.0016,0,1.7756,1.3843,0,1.2597,3.9819,"gauss",0.86,0.82051
1.1673,7.958,2015,0.22272,0.089538,0.4078,"g20",1.8482,0.53376,0.40697,0.30249,1.2013,0.63613,0.97347,0.90137,1.517,0,3.9207,1.1464,0.45696,0.64735,0,2.2209,1.3497,"pois",2,1.0007
6.8127,1.9525,2015,0.97505,0.20958,0.39138,"g19",2.0029,1.3687,1.3433,2.4707,2.3731,1.3747,2.2886,2.1595,2.9898,11,8.5064,5.9992,0,0,5.4531,3.587,6.4102,"gauss",3.0574,1.6061
8.8202,7.7521,2015,-1.3521,-0.31272,0.11571,"g06",-0.23515,-0.9314,0.24586,0.070665,-0.13464,-0.64131,-0.65903,-0.44912,0.43411,0,0.51155,0,0,6.0243,9.367,0,0,"pois",0,-0.93187
6.2096,9.0212,2015,-0.17223,-0.20149,-0.23894,"g19",0.2671,0.60895,0.91714,0.51157,1.143,0.023771,0.090346,0.49793,0.4021,7,2.2892,2.3967,5.9667,0.58512,0,1.6603,0,"gauss",1.1472,0.094027
7.7359,8.2438,2015,-0.86921,-0.1218,-0.35296,"g03",0.32975,0.58245,0.26229,0.19177,0.62047,0.22299,0.41118,0.58316,0.85536,0,2.2335,0,0,4.4769,0,0,2.7837,"pois",0,-0.45369
0.18574,4.7391,2015,0.56656,0.21476,-0.37424,"g10",1.4809,0.48783,-0.11835,0.88336,0.75183,-0.07965,1.3251,0.92326,1.5728,5,1.5741,0.66907,0,3.1803,0,0,1.7941,"gauss",0.96483,0.88247
1.4261,4.5587,2015,1.0495,0.67178,0.0070267,"g04",0.51662,0.91202,-1.3838,0.89016,1.5827,0.7502,0.88209,0.23953,1.307,0,1.9409,0,0,2.5515,3.3279,0,1.3446,"pois",2,1.5426
4.6747,1.0508,2015,1.9027,0.97816,0.31257,"g11",0.9212,1.19,0.70139,2.0699,1.0044,1.4031,1.1586,1.0177,1.2787,3,3.7683,0,0,0,15.046,14.668,2.1567,"gauss",1.5582,2.6068
8.1643,3.8346,2015,-0.11962,0.13274,0.26149,"g14",0.75691,-1.0436,0.8796,0.70665,1.5132,1.421,1.2273,0.99199,1.5691,4,1.4064,3.0873,2.7072,1.8583,6.0554,0,2.805,"pois",1,0.52836
4.9725,9.4498,2015,0.27476,-0.93696,0.01477,"g13",0.51757,1.4776,1.5588,0.76588,0.39404,-0.85851,-0.2931,-0.36024,0.73251,1,1.6187,0.39663,0,0.96083,0,0.58875,0.51811,"gauss",0.70148,0.66173
1.7136,8.9294,2015,0.29871,-0.18364,0.24388,"g17",0.18029,-0.55985,2.4711,-0.35198,0.21053,0.64886,-0.17777,0.13293,0.45333,0,1.0109,0,2.3407,0,0,0,2.6572,"pois",4,0.88433
3.4419,3.5627,2015,1.6064,0.12013,0.27216,"g09",1.3633,1.0086,1.0842,1.1345,0.8037,0.39564,0.29631,0.79492,1.0683,1,1.7954,0,0,1.3705,2.9601,3.1167,1.0589,"gauss",1.4196,2.118
7.0376,6.5867,2015,-0.24087,0.54685,-0.21383,"g17",1.2576,-0.11773,0.78161,0.87096,1.4606,0.99745,2.1185,1.1131,2.4366,6,3.4336,2.7009,1.0533,5.1536,0,4.122,2.3162,"pois",5,0.17519
0.023296,1.828,2015,1.1653,-0.90058,0.37415,"g03",0.459,0.19277,0.14206,1.0246,-1.2686,0.83799,-0.56948,-1.0902,-0.79369,0,1.1442,2.988,4.9931,0,4.3139,0.86637,3.5165,"gauss",1.1516,2.1223
5.639,2.7169,2015,1.3485,0.9227,-0.41816,"g15",1.0438,0.88033,0.48066,1.7269,1.234,0.86919,1.3432,0.58785,1.8513,0,2.9064,2.4517,0.97605,1.5901,4.7608,0.43018,4.2372,"pois",5,2.1488
6.552,6.25,2015,0.071662,-0.78934,0.10186,"g05",1.4626,-0.46917,0.88157,0.77177,0.37041,0.58377,0.36009,-0.060683,0.89687,1,6.5947,0,1.2723,1.056,0,0,6.3259,"gauss",1.8826,0.81147
5.2555,4.1857,2015,1.1289,0.91587,-0.18096,"g04",0.99696,1.8215,0.16806,1.2935,1.4042,0.45777,0.59103,0.50327,1.1898,2,3.1119,0,0,9.9631,0,22.077,3.7344,"pois",1,2.1363
3.1192,5.417,2015,1.1176,0.019159,0.10578,"g19",2.207,0.24165,-0.42683,0.74838,0.040782,-0.51406,0.93668,0.47432,1.0437,1,4.9924,2.7458,0,3.2625,3.9709,1.5742,8.5626,"gauss",1.8546,1.6881
3.3099,8.3137,2015,0.5623,0.54922,0.10186,"g17",0.10385,2.2973,0.68194,-0.3137,0.56629,0.10666,0.86708,-0.015586,1.1934,0,1.0819,2.2845,0,1.1298,0,1.1232,6.8296,"pois",0,1.2469
7.0847,1.5882,2015,0.89387,0.5652,0.44332,"g16",2.1184,0.67703,0.51512,3.1223,2.5586,2.5079,3.3336,1.7874,3.7877,2,10.837,7.4544,1.2781,17.096,0,11.108,9.7522,"gauss",2.8537,1.1034
1.2866,8.5618,2015,0.19946,-0.15004,-0.12035,"g06",0.87403,-0.19131,1.0969,1.1435,0.77635,0.91664,0.2101,0.14949,0.49618,4,0.98099,1.1537,0.88983,1.2447,3.7112,0.55491,2.0258,"pois",2,0.82416
6.6943,3.9521,2015,0.59672,-0.95737,0.24363,"g10",0.21274,0.23235,0.41505,0.035239,0.41775,-0.26591,-0.32651,-0.37722,0.45625,1,1.0391,7.3854,1.2662,8.297,0,12.601,5.8698,"gauss",2.2739,0.77647
3.9313,9.1922,2015,0.47974,0.97515,0.27686,"g02",1.1378,1.2302,1.5791,1.3081,1.6085,0.66251,0.9753,0.25179,1.8692,7,1.9232,1.517,2.3347,0,0,4.8013,1.5832,"pois",4,1.0536
7.6,9.377,2015,-0.86012,0.27441,0.13573,"g02",-0.13959,0.63266,1.3002,0.1034,1.1867,-0.14088,1.2015,1.2374,1.664,1,2.4709,0.43536,0,1.3565,0,2.2765,0,"gauss",1.1247,-0.20252
8.9748,6.5932,2015,-1.2144,-0.30992,-0.4867,"g20",0.23844,-0.8318,-0.14407,-0.31548,-0.1419,-0.6958,-0.94537,-0.34528,-0.35805,0,1.1178,0,0,0,0,1.1583,1.5025,"pois",0,-1.0304
2.193,7.3552,2015,0.57861,-0.051295,-0.47848,"g09",1.3884,0.19415,0.72936,0.090774,1.1562,0.43782,0.47063,0.31744,1.0771,0,3.1205,0.91313,0,1.6073,2.2175,1.1293,8.3936,"gauss",1.9473,1.3752
3.2881,2.4813,2015,1.8495,-0.50121,-0.4749,"g13",0.68815,0.76752,0.28648,1.3226,-0.25309,-1.6433,-1.0279,-0.3935,-0.092481,0,1.693,0,0.32814,0,1.8441,3.271,0.70736,"pois",3,2.7697
3.1388,6.1967,2015,0.92466,0.29427,0.28735,"g10",0.73607,1.1596,-0.41714,-0.39508,-0.055279,-1.3732,0.49634,0.33112,0.81936,4,1.1494,4.5951,10.994,1.2608,4.087,10.031,7.6417,"gauss",0.35488,1.7078
3.1547,7.1265,2015,0.72855,0.36505,0.32599,"g10",0.13689,0.86222,-0.057509,-0.75306,0.65338,-1.2845,0.5548,-0.16449,0.71231,1,0.30148,4.564,8.0278,0,8.452,5.8328,11.961,"pois",1,0.97778
2.3013,5.6638,2015,0.96593,0.58058,0.35322,"g04",0.53413,1.0517,-0.93599,-0.23217,1.1152,0.92521,1.5307,-0.19081,1.2029,4,0.86604,2.6748,0,9.2966,0,2.3564,29.021,"gauss",0.63661,1.7124
2.119,2.6134,2015,1.6963,0.47537,-0.45622,"g17",1.4089,0.9606,-0.40908,2.6024,1.6701,1.9737,1.4185,1.0354,1.2669,0,3.7853,3.2612,1.0956,0,0,0.59007,4.4715,"pois",8,2.1336
0.80376,4.4474,2015,0.87651,-0.13836,0.44361,"g19",0.51783,0.037157,-1.0173,1.2518,0.27888,0.29574,0.37979,0.87116,0.15347,3,3.5601,0,11.765,2.0862,0,0.94403,1.0846,"gauss",0.98501,1.5127
9.0508,3.2442,2015,-0.4036,-0.20084,0.24785,"g11",0.51148,1.037,0.21685,0.096896,0.44041,0.06449,0.08893,0.32302,0.38596,5,2.1231,1.2811,3.6134,0.44098,2.8201,1.7177,1.296,"pois",0,0.30689
6.8386,8.8205,2015,-0.45794,0.76293,-0.1899,"g14",0.48173,0.66916,0.63597,0.38893,1.216,0.4482,1.3776,1.0016,1.5485,0,1.5649,1.2075,0,1.0613,0,0,1.5232,"gauss",1.3833,-0.048485
0.041142,1.9778,2015,1.1488,0.02837,-0.099988,"g17",0.19166,-0.54316,0.72457,1.2844,-0.34355,1.5109,-0.059818,0.23684,0.17161,0,1.0727,0,1.3054,0,0,0,2.9273,"pois",1,1.5409
3.674,5.0002,2015,1.2218,0.40281,-0.25108,"g17",1.7275,0.23006,0.19776,1.3938,0.70931,0.99634,0.72192,0.35748,1.5398,6,2.4868,0.53069,0,4.3853,1.9833,1.6902,1.3032,"gauss",1.5451,1.6094
9.0598,3.5582,2015,-0.48346,-0.21575,0.39873,"g16",0.76868,0.18655,0.1918,0.48809,0.41264,-0.58644,0.012545,-0.093317,0.28915,2,0.6699,2.0133,5.759,4.0688,2.669,4.2564,3.4976,"pois",0,0.077901
7.5966,2.5792,2015,0.46361,0.95618,-0.021742,"g07",1.9809,1.1747,0.93182,2.5447,3.1191,3.7133,2.7968,2.4373,3.3158,6,4.2657,1.7388,1.5229,8.3452,0,2.0422,4.4531,"gauss",2.3019,1.3754
1.3921,3.1212,2015,1.4032,0.78451,0.40868,"g06",0.51496,0.97552,0.172,2.5748,0.67229,1.6738,1.2853,0.1661,1.6553,2,3.2625,9.2368,5.9478,0,3.7827,6.8793,3.9465,"pois",1,1.776
9.1191,1.4779,2015,-0.10536,0.10039,-0.026555,"g18",1.781,0.96877,0.4632,2.1383,1.7713,1.3287,2.4836,2.1161,2.5024,18,9.5744,0,2.5368,1.2943,4.9084,0,0,"gauss",2.3392,0.20571
2.6248,2.1292,2015,1.8704,0.10898,0.46036,"g06",2.3897,0.76079,0.23872,2.4786,1.3224,2.623,1.66,1.2036,1.8964,10,5.9988,2.5775,0.13555,0,0,5.4557,0,"pois",9,2.5831
3.6899,9.7223,2015,0.50136,0.46705,0.10703,"g07",1.4321,0.38072,1.5826,0.8776,1.2217,2.1918,1.308,0.54065,1.0912,1,1.6659,4.1802,10.453,0,0,1.5353,1.6163,"gauss",1.0018,0.86276
0.81487,3.1787,2015,1.2013,-0.1052,0.15319,"g08",0.03028,-0.22975,0.17592,1.5756,0.45025,-0.24917,-0.46287,-0.0878,0.13714,1,2.6915,0,0,0,0,1.0651,2.6259,"pois",0,1.6475
9.3638,4.6308,2015,-0.89424,0.033247,0.38241,"g02",-0.74953,-0.6223,-1.0994,-0.47609,0.091231,-1.3929,-0.44863,-0.29016,0.15973,1,0.66841,5.3815,0,9.5496,0,0,2.1346,"gauss",-0.30227,-0.46731
0.44025,6.175,2015,0.29741,-0.58501,-0.09869,"g15",0.21227,0.80638,0.33616,0.45398,-0.16477,0.24288,-0.97243,-0.70996,-0.65982,1,1.7862,0,2.8038,0.5965,0.54979,0.78841,0.76179,"pois",2,0.884
9.5119,7.9463,2015,-1.6816,0.91211,-0.068332,"g05",-0.44026,-1.1012,0.16026,0.19969,1.1986,-0.011323,0.99271,0.74085,1.3916,2,1.3676,0,0,0,0,0,0,"gauss",0.15523,-1.2975
5.7007,9.8899,2015,0.040853,-0.26356,0.04915,"g04",0.11714,0.88793,0.76446,1.1074,0.53381,0.99646,0.24377,0.44978,0.75598,10,3.4182,2.3128,5.3326,0,0,0,0,"pois",3,0.78308
3.4705,8.7815,2015,0.52502,-0.54734,0.12287,"g14",1.3551,1.6561,0.73867,0.32179,0.4029,1.2461,-0.29433,0.049122,-0.044415,3,0.81795,0.5666,3.1399,0,0,1.7573,1.0886,"gauss",0.95576,1.2687
5.7709,5.9926,2015,0.47285,-0.2291,0.19664,"g03",0.2236,-0.24673,-0.35672,0.93529,0.36458,0.94362,0.62456,0.58752,0.66068,0,2.0007,0,1.0949,0,4.6359,3.1488,4.9785,"pois",2,0.97009
5.1518,3.0065,2015,1.4527,0.3123,-0.11518,"g04",1.8948,0.78963,0.51402,0.92606,0.19123,1.3115,0.24429,0.30489,0.65237,0,2.0419,0,0,4.9435,3.9038,3.33,3.7836,"gauss",0.92578,1.761
1.7733,3.8206,2015,1.3373,0.80654,0.18964,"g14",0.48008,0.7354,-0.85457,2.0634,0.79908,2.3379,1.023,0.58088,1.7468,1,1.0359,0,11.902,6.4893,4.9479,14.422,10.475,"pois",3,1.8267
9.3489,0.14532,2015,-0.11069,-0.68836,-0.18921,"g20",1.6141,-0.30335,1.0829,1.2259,1.1316,1.1176,1.0131,0.46835,1.1133,7,5.1339,2.243,0,0.57462,0.62193,0.68848,0,"gauss",1.9204,0.49752
4.6808,9.1119,2015,0.35422,0.041427,-0.13042,"g12",0.97242,1.8061,2.1553,0.45117,0.34415,-0.28538,0.2517,0.33802,0.55629,0,2.3705,1.3073,1.149,1.6407,0,0,0.67725,"pois",4,0.88589
1.3704,1.4044,2015,1.706,0.48826,-0.03981,"g09",0.87101,0.2878,0.53817,2.2551,1.2115,0.64808,1.0306,0.90385,1.4528,0,6.4473,0,2.4601,1.3599,2.2168,1.6888,1.4043,"gauss",1.8269,2.159
4.673,8.9584,2015,0.36133,-0.25495,-0.31005,"g06",0.56104,1.5832,1.876,0.83682,0.48666,0.91349,0.050858,-0.25461,0.52085,5,1.9845,0,3.5973,0.85285,2.2276,0,2.3962,"pois",0,0.91525
5.1187,8.4456,2015,0.27427,-0.62345,0.19993,"g14",0.4911,1.2534,1.1641,0.69491,0.32228,1.3835,-0.68001,-0.24039,-0.18078,2,0.8365,1.3173,2.8244,0,0,0,2.8886,"gauss",0.92593,0.49313
3.0186,4.0585,2015,1.472,0.61437,0.066232,"g14",1.6138,-0.056565,-0.20508,1.0093,0.64931,2.0588,1.0092,0.27425,1.3786,0,2.4624,0.90448,1.1472,0.89413,0,1.7193,1.9582,"pois",1,1.9887
7.7473,0.66905,2015,0.64389,0.0026451,0.18927,"g15",1.9954,-0.55016,1.4747,1.6259,1.0787,1.5369,1.1007,1.1093,1.8345,8,2.8138,0,1.0147,0,5.6851,2.0855,1.5864,"gauss",2.0252,1.2301
4.402,7.7857,2015,0.52503,-0.17211,0.22826,"g12",1.3528,0.82704,0.81778,0.4393,0.10529,0.012057,0.10807,0.059124,0.47319,4,1.5041,0.52317,2.7297,3.2505,3.0708,2.8356,8.3774,"pois",1,1.1916
2.8573,0.51634,2015,2.0758,-0.72116,-0.49181,"g10",1.1269,2.0546,1.4187,2.0879,0.42533,0.88239,0.38848,0.015292,0.82862,3,16.098,1.2328,0,0,0.94197,1.7854,0.99047,"gauss",2.5726,2.9704
2.2138,2.5223,2015,1.7331,-0.035526,0.32588,"g14",1.6132,1.2367,-0.14195,2.0271,0.87592,1.8496,0.46305,0.4323,0.95518,1,5.3347,0,0,2.1553,3.8959,0,4.4953,"pois",3,2.2984
1.7267,9.1521,2015,0.29449,-0.96318,0.43202,"g01",0.38919,-0.20932,2.0741,0.34029,-0.45916,-0.070936,-0.88898,-1.0537,-0.21604,11,1.3701,1.5081,1.6065,1.5667,0,2.7807,4.2215,"gauss",0.92222,0.7333
0.8504,6.4921,2015,0.37514,0.89141,0.19473,"g08",0.76618,0.24705,0.24686,0.3649,0.78938,0.14623,1.209,0.076571,1.401,3,0.39165,1.174,0,1.1795,0,0.83055,2.1114,"pois",2,1.4738
1.7776,9.9605,2015,0.31678,-0.58826,0.3055,"g09",-0.53568,-0.25536,1.171,-0.35424,-1.2958,-1.1648,-1.8256,-1.1869,-0.83556,2,1.1235,0,0,0,7.7224,0,0,"gauss",0.23485,0.54794
7.2588,8.9822,2015,-0.67621,-0.27602,-0.4257,"g15",0.33194,0.18202,0.32663,1.0972,0.44434,-0.015487,0.26107,0.30877,0.73056,1,1.4377,0.91992,0,1.0053,0,0,0.72715,"pois",1,-0.24608
2.6745,9.1155,2015,0.47369,0.65663,-0.32423,"g01",0.0056617,0.79989,1.6899,0.12276,1.0046,0.38482,0.92153,0.60892,1.0657,3,1.2013,2.9639,2.7283,1.0816,0,0.71551,0,"gauss",0.99419,0.84175
8.5653,4.4951,2015,-0.49286,0.22667,-0.19567,"g07",-0.13897,-0.36743,-0.65662,-0.58865,0.88952,0.3858,0.20037,0.40444,0.83763,0,1.0684,4.405,0,1.4506,0,0,2.1801,"pois",1,0.11706
6.8231,5.8337,2015,0.041377,0.98196,-0.12884,"g15",1.3554,-0.30561,0.40011,1.2387,2.6834,1.6844,2.1409,1.2439,2.3782,0,1.25,0,0,2.5453,7.0239,0,5.4517,"gauss",1.2697,0.84764
7.8938,9.0847,2015,-1.0067,-0.0032411,0.28011,"g16",0.56006,-0.078758,0.78622,0.93842,1.4334,0.91377,0.86326,0.93832,1.4648,4,0.72027,0,4.1993,1.1919,0,0,0,"pois",2,-0.92877
7.9539,2.1229,2015,0.36512,0.70779,0.34638,"g16",2.4173,0.79147,0.4688,2.3579,2.5004,2.4392,3.3567,1.9137,3.2658,11,6.5366,1.86,0,5.2582,0,0,1.7583,"gauss",3.0666,1.1685
0.80386,5.1166,2015,0.6985,0.21435,0.18894,"g20",1.2522,0.32919,-0.78322,0.60058,1.8033,0.41304,1.6797,0.97862,1.6893,4,2.4188,0,14.485,1.9327,1.2563,0.22555,0,"pois",1,1.3117
7.976,8.351,2015,-1.0034,0.9435,0.36943,"g05",-0.0011001,0.40371,-0.48844,0.50014,1.3068,-0.24856,1.139,0.80597,1.7196,1,0.79883,0,0,13.536,12.548,0,0,"gauss",1.0123,-0.076377
5.9963,6.7537,2015,0.20908,-0.4241,-0.27463,"g20",0.47275,-0.54646,0.29835,1.1268,0.57683,0.20369,0.016479,0.63537,0.35623,2,1.0794,1.9234,0,1.2089,10.414,3.4418,2.5061,"pois",2,0.86174
3.0549,6.8848,2015,0.77091,0.15591,0.12993,"g18",0.6422,0.3308,0.46267,-0.74848,0.084438,-0.5999,0.23505,-0.058677,0.75049,0,1.8267,1.4667,5.283,4.1578,1.553,2.3437,8.6859,"gauss",0.75469,1.268
2.3047,5.1051,2015,1.1116,0.25068,-0.069406,"g08",0.86554,0.85103,-0.63759,0.24561,0.87675,0.12237,0.85228,-0.09526,1.5538,0,0.86618,8.1272,4.9191,8.0254,6.4801,3.8566,45.595,"pois",0,1.604
