"X","Y","year","x","z","off","g","dist","area"
0.5,0.5,2011,0.49149,-0.9,-0.22314,"g01","gauss",1
1.7857,0.5,2011,0.993,-0.78,0,"g02","pois",1
3.0714,0.5,2011,1.3712,-0.66,0.22314,"g03","gauss",1
4.3571,0.5,2011,1.5426,-0.54,-0.22314,"g04","pois",1
5.6429,0.5,2011,1.4828,-0.42,0,"g05","gauss",1
6.9286,0.5,2011,1.231,-0.3,0.22314,"g06","pois",1
8.2143,0.5,2011,0.87741,-0.18,-0.22314,"g07","gauss",1
9.5,0.5,2011,0.5372,-0.06,0,"g08","pois",1
0.5,1.7857,2011,0.36498,0.06,0.22314,"g09","gauss",1
1.7857,1.7857,2011,0.86649,0.18,-0.22314,"g10","pois",1
3.0714,1.7857,2011,1.2447,0.3,0,"g11","gauss",1
4.3571,1.7857,2011,1.4161,0.42,0.22314,"g12","pois",1
5.6429,1.7857,2011,1.3563,0.54,-0.22314,"g13","gauss",1
6.9286,1.7857,2011,1.1045,0.66,0,"g14","pois",1
8.2143,1.7857,2011,0.75091,0.78,0.22314,"g15","gauss",1
9.5,1.7857,2011,0.41069,0.9,-0.22314,"g16","pois",1
0.5,3.0714,2011,0.11866,-0.9,0,"g17","gauss",1
1.7857,3.0714,2011,0.62017,-0.78,0.22314,"g18","pois",1
3.0714,3.0714,2011,0.9984,-0.66,-0.22314,"g19","gauss",1
4.3571,3.0714,2011,1.1698,-0.54,0,"g20","pois",1
5.6429,3.0714,2011,1.11,-0.42,0.22314,"g01","gauss",1
6.9286,3.0714,2011,0.85818,-0.3,-0.22314,"g02","pois",1
8.2143,3.0714,2011,0.50459,-0.18,0,"g03","gauss",1
9.5,3.0714,2011,0.16437,-0.06,0.22314,"g04","pois",1
0.5,4.3571,2011,-0.20292,0.06,-0.22314,"g05","gauss",1
1.7857,4.3571,2011,0.29859,0.18,0,"g06","pois",1
3.0714,4.3571,2011,0.67682,0.3,0.22314,"g07","gauss",1
4.3571,4.3571,2011,0.84819,0.42,-0.22314,"g08","pois",1
5.6429,4.3571,2011,0.78838,0.54,0,"g09","gauss",1
6.9286,4.3571,2011,0.5366,0.66,0.22314,"g10","pois",1
8.2143,4.3571,2011,0.18301,0.78,-0.22314,"g11","gauss",1
9.5,4.3571,2011,-0.15721,0.9,0,"g12","pois",1
0.5,5.6429,2011,-0.5416,-0.9,0.22314,"g13","gauss",1
1.7857,5.6429,2011,-0.040085,-0.78,-0.22314,"g14","pois",1
3.0714,5.6429,2011,0.33814,-0.66,0,"g15","gauss",1
4.3571,5.6429,2011,0.50951,-0.54,0.22314,"g16","pois",1
5.6429,5.6429,2011,0.4497,-0.42,-0.22314,"g17","gauss",1
6.9286,5.6429,2011,0.19793,-0.3,0,"g18","pois",1
8.2143,5.6429,2011,-0.15567,-0.18,0.22314,"g19","gauss",1
9.5,5.6429,2011,-0.49588,-0.06,-0.22314,"g20","pois",1
0.5,6.9286,2011,-0.83611,0.06,0,"g01","gauss",1
1.7857,6.9286,2011,-0.3346,0.18,0.22314,"g02","pois",1
3.0714,6.9286,2011,0.043632,0.3,-0.22314,"g03","gauss",1
4.3571,6.9286,2011,0.215,0.42,0,"g04","pois",1
5.6429,6.9286,2011,0.15519,0.54,0.22314,"g05","gauss",1
6.9286,6.9286,2011,-0.096586,0.66,-0.22314,"g06","pois",1
8.2143,6.9286,2011,-0.45018,0.78,0,"g07","gauss",1
9.5,6.9286,2011,-0.7904,0.9,0.22314,"g08","pois",1
0.5,8.2143,2011,-1.0332,-0.9,-0.22314,"g09","gauss",1
1.7857,8.2143,2011,-0.53167,-0.78,0,"g10","pois",1
3.0714,8.2143,2011,-0.15344,-0.66,0.22314,"g11","gauss",1
4.3571,8.2143,2011,0.01792,-0.54,-0.22314,"g12","pois",1
5.6429,8.2143,2011,-0.041888,-0.42,0,"g13","gauss",1
6.9286,8.2143,2011,-0.29366,-0.3,0.22314,"g14","pois",1
8.2143,8.2143,2011,-0.64726,-0.18,-0.22314,"g15","gauss",1
9.5,8.2143,2011,-0.98747,-0.06,0,"g16","pois",1
0.5,9.5,2011,-1.0972,0.06,0.22314,"g17","gauss",1
1.7857,9.5,2011,-0.59567,0.18,-0.22314,"g18","pois",1
3.0714,9.5,2011,-0.21744,0.3,0,"g19","gauss",1
4.3571,9.5,2011,-0.046074,0.42,0.22314,"g20","pois",1
5.6429,9.5,2011,-0.10588,0.54,-0.22314,"g01","gauss",1
6.9286,9.5,2011,-0.35766,0.66,0,"g02","pois",1
8.2143,9.5,2011,-0.71125,0.78,0.22314,"g03","gauss",1
9.5,9.5,2011,-1.0515,0.9,-0.22314,"g04","pois",1
0.5,0.5,2012,0.73953,-0.9,0,"g05","gauss",1
1.7857,0.5,2012,1.2185,-0.78,0.22314,"g06","pois",1
3.0714,0.5,2012,1.5511,-0.66,-0.22314,"g07","gauss",1
4.3571,0.5,2012,1.6584,-0.54,0,"g08","pois",1
5.6429,0.5,2012,1.5226,-0.42,0.22314,"g09","gauss",1
6.9286,0.5,2012,1.1908,-0.3,-0.22314,"g10","pois",1
8.2143,0.5,2012,0.76135,-0.18,0,"g11","gauss",1
9.5,0.5,2012,0.35713,-0.06,0.22314,"g12","pois",1
0.5,1.7857,2012,0.61303,0.06,-0.22314,"g13","gauss",1
1.7857,1.7857,2012,1.092,0.18,0,"g14","pois",1
3.0714,1.7857,2012,1.4246,0.3,0.22314,"g15","gauss",1
4.3571,1.7857,2012,1.5319,0.42,-0.22314,"g16","pois",1
5.6429,1.7857,2012,1.3961,0.54,0,"g17","gauss",1
6.9286,1.7857,2012,1.0643,0.66,0.22314,"g18","pois",1
8.2143,1.7857,2012,0.63485,0.78,-0.22314,"g19","gauss",1
9.5,1.7857,2012,0.23062,0.9,0,"g20","pois",1
0.5,3.0714,2012,0.36671,-0.9,0.22314,"g01","gauss",1
1.7857,3.0714,2012,0.84567,-0.78,-0.22314,"g02","pois",1
3.0714,3.0714,2012,1.1783,-0.66,0,"g03","gauss",1
4.3571,3.0714,2012,1.2855,-0.54,0.22314,"g04","pois",1
5.6429,3.0714,2012,1.1498,-0.42,-0.22314,"g05","gauss",1
6.9286,3.0714,2012,0.81802,-0.3,0,"g06","pois",1
8.2143,3.0714,2012,0.38853,-0.18,0.22314,"g07","gauss",1
9.5,3.0714,2012,-0.015695,-0.06,-0.22314,"g08","pois",1
0.5,4.3571,2012,0.045131,0.06,0,"g09","gauss",1
1.7857,4.3571,2012,0.52409,0.18,0.22314,"g10","pois",1
3.0714,4.3571,2012,0.85667,0.3,-0.22314,"g11","gauss",1
4.3571,4.3571,2012,0.96397,0.42,0,"g12","pois",1
5.6429,4.3571,2012,0.82823,0.54,0.22314,"g13","gauss",1
6.9286,4.3571,2012,0.49644,0.66,-0.22314,"g14","pois",1
8.2143,4.3571,2012,0.066948,0.78,0,"g15","gauss",1
9.5,4.3571,2012,-0.33728,0.9,0.22314,"g16","pois",1
0.5,5.6429,2012,-0.29355,-0.9,-0.22314,"g17","gauss",1
1.7857,5.6429,2012,0.18541,-0.78,0,"g18","pois",1
3.0714,5.6429,2012,0.51799,-0.66,0.22314,"g19","gauss",1
4.3571,5.6429,2012,0.62529,-0.54,-0.22314,"g20","pois",1
5.6429,5.6429,2012,0.48955,-0.42,0,"g01","gauss",1
6.9286,5.6429,2012,0.15776,-0.3,0.22314,"g02","pois",1
8.2143,5.6429,2012,-0.27173,-0.18,-0.22314,"g03","gauss",1
9.5,5.6429,2012,-0.67595,-0.06,0,"g04","pois",1
0.5,6.9286,2012,-0.58806,0.06,0.22314,"g05","gauss",1
1.7857,6.9286,2012,-0.1091,0.18,-0.22314,"g06","pois",1
3.0714,6.9286,2012,0.22348,0.3,0,"g07","gauss",1
4.3571,6.9286,2012,0.33078,0.42,0.22314,"g08","pois",1
5.6429,6.9286,2012,0.19504,0.54,-0.22314,"g09","gauss",1
6.9286,6.9286,2012,-0.13675,0.66,0,"g10","pois",1
8.2143,6.9286,2012,-0.56624,0.78,0.22314,"g11","gauss",1
9.5,6.9286,2012,-0.97047,0.9,-0.22314,"g12","pois",1
0.5,8.2143,2012,-0.78513,-0.9,0,"g13","gauss",1
1.7857,8.2143,2012,-0.30618,-0.78,0.22314,"g14","pois",1
3.0714,8.2143,2012,0.026405,-0.66,-0.22314,"g15","gauss",1
4.3571,8.2143,2012,0.1337,-0.54,0,"g16","pois",1
5.6429,8.2143,2012,-0.0020381,-0.42,0.22314,"g17","gauss",1
6.9286,8.2143,2012,-0.33382,-0.3,-0.22314,"g18","pois",1
8.2143,8.2143,2012,-0.76332,-0.18,0,"g19","gauss",1
9.5,8.2143,2012,-1.1675,-0.06,0.22314,"g20","pois",1
0.5,9.5,2012,-0.84913,0.06,-0.22314,"g01","gauss",1
1.7857,9.5,2012,-0.37017,0.18,0,"g02","pois",1
3.0714,9.5,2012,-0.037588,0.3,0.22314,"g03","gauss",1
4.3571,9.5,2012,0.069706,0.42,-0.22314,"g04","pois",1
5.6429,9.5,2012,-0.066032,0.54,0,"g05","gauss",1
6.9286,9.5,2012,-0.39782,0.66,0.22314,"g06","pois",1
8.2143,9.5,2012,-0.82731,0.78,-0.22314,"g07","gauss",1
9.5,9.5,2012,-1.2315,0.9,0,"g08","pois",1
0.5,0.5,2013,0.98758,-0.9,0.22314,"g09","gauss",1
1.7857,0.5,2013,1.444,-0.78,-0.22314,"g10","pois",1
3.0714,0.5,2013,1.7309,-0.66,0,"g11","gauss",1
4.3571,0.5,2013,1.7741,-0.54,0.22314,"g12","pois",1
5.6429,0.5,2013,1.5625,-0.42,-0.22314,"g13","gauss",1
6.9286,0.5,2013,1.1507,-0.3,0,"g14","pois",1
8.2143,0.5,2013,0.64529,-0.18,0.22314,"g15","gauss",1
9.5,0.5,2013,0.17706,-0.06,-0.22314,"g16","pois",1
0.5,1.7857,2013,0.86108,0.06,0,"g17","gauss",1
1.7857,1.7857,2013,1.3175,0.18,0.22314,"g18","pois",1
3.0714,1.7857,2013,1.6044,0.3,-0.22314,"g19","gauss",1
4.3571,1.7857,2013,1.6476,0.42,0,"g20","pois",1
5.6429,1.7857,2013,1.436,0.54,0.22314,"g01","gauss",1
6.9286,1.7857,2013,1.0242,0.66,-0.22314,"g02","pois",1
8.2143,1.7857,2013,0.51879,0.78,0,"g03","gauss",1
9.5,1.7857,2013,0.050554,0.9,0.22314,"g04","pois",1
0.5,3.0714,2013,0.61476,-0.9,-0.22314,"g05","gauss",1
1.7857,3.0714,2013,1.0712,-0.78,0,"g06","pois",1
3.0714,3.0714,2013,1.3581,-0.66,0.22314,"g07","gauss",1
4.3571,3.0714,2013,1.4013,-0.54,-0.22314,"g08","pois",1
5.6429,3.0714,2013,1.1897,-0.42,0,"g09","gauss",1
6.9286,3.0714,2013,0.77786,-0.3,0.22314,"g10","pois",1
8.2143,3.0714,2013,0.27247,-0.18,-0.22314,"g11","gauss",1
9.5,3.0714,2013,-0.19577,-0.06,0,"g12","pois",1
0.5,4.3571,2013,0.29318,0.06,0.22314,"g13","gauss",1
1.7857,4.3571,2013,0.74959,0.18,-0.22314,"g14","pois",1
3.0714,4.3571,2013,1.0365,0.3,0,"g15","gauss",1
4.3571,4.3571,2013,1.0797,0.42,0.22314,"g16","pois",1
5.6429,4.3571,2013,0.86808,0.54,-0.22314,"g17","gauss",1
6.9286,4.3571,2013,0.45628,0.66,0,"g18","pois",1
8.2143,4.3571,2013,-0.049112,0.78,0.22314,"g19","gauss",1
9.5,4.3571,2013,-0.51735,0.9,-0.22314,"g20","pois",1
0.5,5.6429,2013,-0.045496,-0.9,0,"g01","gauss",1
1.7857,5.6429,2013,0.41091,-0.78,0.22314,"g02","pois",1
3.0714,5.6429,2013,0.69784,-0.66,-0.22314,"g03","gauss",1
4.3571,5.6429,2013,0.74107,-0.54,0,"g04","pois",1
5.6429,5.6429,2013,0.5294,-0.42,0.22314,"g05","gauss",1
6.9286,5.6429,2013,0.1176,-0.3,-0.22314,"g06","pois",1
8.2143,5.6429,2013,-0.38779,-0.18,0,"g07","gauss",1
9.5,5.6429,2013,-0.85602,-0.06,0.22314,"g08","pois",1
0.5,6.9286,2013,-0.34001,0.06,-0.22314,"g09","gauss",1
1.7857,6.9286,2013,0.1164,0.18,0,"g10","pois",1
3.0714,6.9286,2013,0.40333,0.3,0.22314,"g11","gauss",1
4.3571,6.9286,2013,0.44656,0.42,-0.22314,"g12","pois",1
5.6429,6.9286,2013,0.23489,0.54,0,"g13","gauss",1
6.9286,6.9286,2013,-0.17691,0.66,0.22314,"g14","pois",1
8.2143,6.9286,2013,-0.6823,0.78,-0.22314,"g15","gauss",1
9.5,6.9286,2013,-1.1505,0.9,0,"g16","pois",1
0.5,8.2143,2013,-0.53709,-0.9,0.22314,"g17","gauss",1
1.7857,8.2143,2013,-0.080677,-0.78,-0.22314,"g18","pois",1
3.0714,8.2143,2013,0.20626,-0.66,0,"g19","gauss",1
4.3571,8.2143,2013,0.24948,-0.54,0.22314,"g20","pois",1
5.6429,8.2143,2013,0.037812,-0.42,-0.22314,"g01","gauss",1
6.9286,8.2143,2013,-0.37399,-0.3,0,"g02","pois",1
8.2143,8.2143,2013,-0.87938,-0.18,0.22314,"g03","gauss",1
9.5,8.2143,2013,-1.3476,-0.06,-0.22314,"g04","pois",1
0.5,9.5,2013,-0.60108,0.06,0,"g05","gauss",1
1.7857,9.5,2013,-0.14467,0.18,0.22314,"g06","pois",1
3.0714,9.5,2013,0.14226,0.3,-0.22314,"g07","gauss",1
4.3571,9.5,2013,0.18549,0.42,0,"g08","pois",1
5.6429,9.5,2013,-0.026182,0.54,0.22314,"g09","gauss",1
6.9286,9.5,2013,-0.43798,0.66,-0.22314,"g10","pois",1
8.2143,9.5,2013,-0.94337,0.78,0,"g11","gauss",1
9.5,9.5,2013,-1.4116,0.9,0.22314,"g12","pois",1
0.5,0.5,2014,1.2356,-0.9,-0.22314,"g13","gauss",1
1.7857,0.5,2014,1.6695,-0.78,0,"g14","pois",1
3.0714,0.5,2014,1.9108,-0.66,0.22314,"g15","gauss",1
4.3571,0.5,2014,1.8899,-0.54,-0.22314,"g16","pois",1
5.6429,0.5,2014,1.6023,-0.42,0,"g17","gauss",1
6.9286,0.5,2014,1.1105,-0.3,0.22314,"g18","pois",1
8.2143,0.5,2014,0.52923,-0.18,-0.22314,"g19","gauss",1
9.5,0.5,2014,-0.0030129,-0.06,0,"g20","pois",1
0.5,1.7857,2014,1.1091,0.06,0.22314,"g01","gauss",1
1.7857,1.7857,2014,1.543,0.18,-0.22314,"g02","pois",1
3.0714,1.7857,2014,1.7843,0.3,0,"g03","gauss",1
4.3571,1.7857,2014,1.7634,0.42,0.22314,"g04","pois",1
5.6429,1.7857,2014,1.4758,0.54,-0.22314,"g05","gauss",1
6.9286,1.7857,2014,0.98402,0.66,0,"g06","pois",1
8.2143,1.7857,2014,0.40273,0.78,0.22314,"g07","gauss",1
9.5,1.7857,2014,-0.12952,0.9,-0.22314,"g08","pois",1
0.5,3.0714,2014,0.86281,-0.9,0,"g09","gauss",1
1.7857,3.0714,2014,1.2967,-0.78,0.22314,"g10","pois",1
3.0714,3.0714,2014,1.538,-0.66,-0.22314,"g11","gauss",1
4.3571,3.0714,2014,1.5171,-0.54,0,"g12","pois",1
5.6429,3.0714,2014,1.2295,-0.42,0.22314,"g13","gauss",1
6.9286,3.0714,2014,0.7377,-0.3,-0.22314,"g14","pois",1
8.2143,3.0714,2014,0.15641,-0.18,0,"g15","gauss",1
9.5,3.0714,2014,-0.37583,-0.06,0.22314,"g16","pois",1
0.5,4.3571,2014,0.54123,0.06,-0.22314,"g17","gauss",1
1.7857,4.3571,2014,0.97509,0.18,0,"g18","pois",1
3.0714,4.3571,2014,1.2164,0.3,0.22314,"g19","gauss",1
4.3571,4.3571,2014,1.1955,0.42,-0.22314,"g20","pois",1
5.6429,4.3571,2014,0.90793,0.54,0,"g01","gauss",1
6.9286,4.3571,2014,0.41612,0.66,0.22314,"g02","pois",1
8.2143,4.3571,2014,-0.16517,0.78,-0.22314,"g03","gauss",1
9.5,4.3571,2014,-0.69742,0.9,0,"g04","pois",1
0.5,5.6429,2014,0.20255,-0.9,0.22314,"g05","gauss",1
1.7857,5.6429,2014,0.63641,-0.78,-0.22314,"g06","pois",1
3.0714,5.6429,2014,0.87769,-0.66,0,"g07","gauss",1
4.3571,5.6429,2014,0.85685,-0.54,0.22314,"g08","pois",1
5.6429,5.6429,2014,0.56925,-0.42,-0.22314,"g09","gauss",1
6.9286,5.6429,2014,0.077441,-0.3,0,"g10","pois",1
8.2143,5.6429,2014,-0.50385,-0.18,0.22314,"g11","gauss",1
9.5,5.6429,2014,-1.0361,-0.06,-0.22314,"g12","pois",1
0.5,6.9286,2014,-0.091959,0.06,0,"g13","gauss",1
1.7857,6.9286,2014,0.3419,0.18,0.22314,"g14","pois",1
3.0714,6.9286,2014,0.58318,0.3,-0.22314,"g15","gauss",1
4.3571,6.9286,2014,0.56234,0.42,0,"g16","pois",1
5.6429,6.9286,2014,0.27474,0.54,0.22314,"g17","gauss",1
6.9286,6.9286,2014,-0.21707,0.66,-0.22314,"g18","pois",1
8.2143,6.9286,2014,-0.79836,0.78,0,"g19","gauss",1
9.5,6.9286,2014,-1.3306,0.9,0.22314,"g20","pois",1
0.5,8.2143,2014,-0.28904,-0.9,-0.22314,"g01","gauss",1
1.7857,8.2143,2014,0.14482,-0.78,0,"g02","pois",1
3.0714,8.2143,2014,0.38611,-0.66,0.22314,"g03","gauss",1
4.3571,8.2143,2014,0.36526,-0.54,-0.22314,"g04","pois",1
5.6429,8.2143,2014,0.077662,-0.42,0,"g05","gauss",1
6.9286,8.2143,2014,-0.41415,-0.3,0.22314,"g06","pois",1
8.2143,8.2143,2014,-0.99544,-0.18,-0.22314,"g07","gauss",1
9.5,8.2143,2014,-1.5277,-0.06,0,"g08","pois",1
0.5,9.5,2014,-0.35303,0.06,0.22314,"g09","gauss",1
1.7857,9.5,2014,0.080828,0.18,-0.22314,"g10","pois",1
3.0714,9.5,2014,0.32211,0.3,0,"g11","gauss",1
4.3571,9.5,2014,0.30127,0.42,0.22314,"g12","pois",1
5.6429,9.5,2014,0.013668,0.54,-0.22314,"g13","gauss",1
6.9286,9.5,2014,-0.47814,0.66,0,"g14","pois",1
8.2143,9.5,2014,-1.0594,0.78,0.22314,"g15","gauss",1
9.5,9.5,2014,-1.5917,0.9,-0.22314,"g16","pois",1
0.5,0.5,2015,1.4837,-0.9,0,"g17","gauss",1
1.7857,0.5,2015,1.895,-0.78,0.22314,"g18","pois",1
3.0714,0.5,2015,2.0906,-0.66,-0.22314,"g19","gauss",1
4.3571,0.5,2015,2.0057,-0.54,0,"g20","pois",1
5.6429,0.5,2015,1.6422,-0.42,0.22314,"g01","gauss",1
6.9286,0.5,2015,1.0704,-0.3,-0.22314,"g02","pois",1
8.2143,0.5,2015,0.41317,-0.18,0,"g03","gauss",1
9.5,0.5,2015,-0.18308,-0.06,0.22314,"g04","pois",1
0.5,1.7857,2015,1.3572,0.06,-0.22314,"g05","gauss",1
1.7857,1.7857,2015,1.7685,0.18,0,"g06","pois",1
3.0714,1.7857,2015,1.9641,0.3,0.22314,"g07","gauss",1
4.3571,1.7857,2015,1.8792,0.42,-0.22314,"g08","pois",1
5.6429,1.7857,2015,1.5157,0.54,0,"g09","gauss",1
6.9286,1.7857,2015,0.94386,0.66,0.22314,"g10","pois",1
8.2143,1.7857,2015,0.28667,0.78,-0.22314,"g11","gauss",1
9.5,1.7857,2015,-0.30959,0.9,0,"g12","pois",1
0.5,3.0714,2015,1.1109,-0.9,0.22314,"g13","gauss",1
1.7857,3.0714,2015,1.5222,-0.78,-0.22314,"g14","pois",1
3.0714,3.0714,2015,1.7178,-0.66,0,"g15","gauss",1
4.3571,3.0714,2015,1.6329,-0.54,0.22314,"g16","pois",1
5.6429,3.0714,2015,1.2694,-0.42,-0.22314,"g17","gauss",1
6.9286,3.0714,2015,0.69754,-0.3,0,"g18","pois",1
8.2143,3.0714,2015,0.04035,-0.18,0.22314,"g19","gauss",1
9.5,3.0714,2015,-0.5559,-0.06,-0.22314,"g20","pois",1
0.5,4.3571,2015,0.78928,0.06,0,"g01","gauss",1
1.7857,4.3571,2015,1.2006,0.18,0.22314,"g02","pois",1
3.0714,4.3571,2015,1.3962,0.3,-0.22314,"g03","gauss",1
4.3571,4.3571,2015,1.3113,0.42,0,"g04","pois",1
5.6429,4.3571,2015,0.94778,0.54,0.22314,"g05","gauss",1
6.9286,4.3571,2015,0.37596,0.66,-0.22314,"g06","pois",1
8.2143,4.3571,2015,-0.28123,0.78,0,"g07","gauss",1
9.5,4.3571,2015,-0.87749,0.9,0.22314,"g08","pois",1
0.5,5.6429,2015,0.4506,-0.9,-0.22314,"g09","gauss",1
1.7857,5.6429,2015,0.86191,-0.78,0,"g10","pois",1
3.0714,5.6429,2015,1.0575,-0.66,0.22314,"g11","gauss",1
4.3571,5.6429,2015,0.97263,-0.54,-0.22314,"g12","pois",1
5.6429,5.6429,2015,0.6091,-0.42,0,"g13","gauss",1
6.9286,5.6429,2015,0.037279,-0.3,0.22314,"g14","pois",1
8.2143,5.6429,2015,-0.61991,-0.18,-0.22314,"g15","gauss",1
9.5,5.6429,2015,-1.2162,-0.06,0,"g16","pois",1
0.5,6.9286,2015,0.15609,0.06,0.22314,"g17","gauss",1
1.7857,6.9286,2015,0.5674,0.18,-0.22314,"g18","pois",1
3.0714,6.9286,2015,0.76303,0.3,0,"g19","gauss",1
4.3571,6.9286,2015,0.67812,0.42,0.22314,"g20","pois",1
5.6429,6.9286,2015,0.31459,0.54,-0.22314,"g01","gauss",1
6.9286,6.9286,2015,-0.25723,0.66,0,"g02","pois",1
8.2143,6.9286,2015,-0.91442,0.78,0.22314,"g03","gauss",1
9.5,6.9286,2015,-1.5107,0.9,-0.22314,"g04","pois",1
0.5,8.2143,2015,-0.040987,-0.9,0,"g05","gauss",1
1.7857,8.2143,2015,0.37032,-0.78,0.22314,"g06","pois",1
3.0714,8.2143,2015,0.56596,-0.66,-0.22314,"g07","gauss",1
4.3571,8.2143,2015,0.48104,-0.54,0,"g08","pois",1
5.6429,8.2143,2015,0.11751,-0.42,0.22314,"g09","gauss",1
6.9286,8.2143,2015,-0.45431,-0.3,-0.22314,"g10","pois",1
8.2143,8.2143,2015,-1.1115,-0.18,0,"g11","gauss",1
9.5,8.2143,2015,-1.7078,-0.06,0.22314,"g12","pois",1
0.5,9.5,2015,-0.10498,0.06,-0.22314,"g13","gauss",1
1.7857,9.5,2015,0.30633,0.18,0,"g14","pois",1
3.0714,9.5,2015,0.50196,0.3,0.22314,"g15","gauss",1
4.3571,9.5,2015,0.41704,0.42,-0.22314,"g16","pois",1
5.6429,9.5,2015,0.053518,0.54,0,"g17","gauss",1
6.9286,9.5,2015,-0.5183,0.66,0.22314,"g18","pois",1
8.2143,9.5,2015,-1.1755,0.78,-0.22314,"g19","gauss",1
9.5,9.5,2015,-1.7717,0.9,0,"g20","pois",1
